core_1_1,core_1_2,core_1_3,core_1_4,core_1_5,core_1_6,core_3_1,core_3_2,core_3_3,core_3_4,core_3_5,core_3_6,core_3_7,core_3_8,core_3_9,core_4_1,core_4_2,core_4_3,core_4_4,core_4_5,core_4_6,core_5_1,core_5_2,core_5_3,core_5_4,core_5_5,core_5_6,core_5_7,core_5_8,core_5_9,core_6,core_7_1,core_7_2,core_7_3,happiness_1,happiness_2,happiness_3,happiness_4,happiness_5,happiness_6_1,happiness_6_2,happiness_6_3,happiness_6_4,happiness_6_5,happiness_7,trust_1,trust_2_1,trust_2_2,trust_2_3,trust_2_4,trust_2_5,trust_2_6,trust_3_1,trust_3_2,trust_3_3,trust_3_4,trust_3_5,trust_3_6,trust_3_7,trust_3_8,trust_3_9,trust_3_10,trust_3_11,trust_3_12,trust_3_13,trust_3_14,trust_3_15,trust_3_16,trust_3_17,trust_3_18,trust_3_19,trust_3_20,trust_3_21,trust_3_22,trust_3_23,trust_3_24,trust_3_25,trust_4,trust_5_1,trust_5_2,trust_5_3,trust_6_1,trust_6_2,trust_6_3,trust_6_4,trust_6_5,trust_6_6,trust_6_7,trust_6_8,trust_6_9,trust_6_10,trust_6_11,econ_values_1_1,econ_values_1_2,econ_values_1_3,econ_values_1_4,econ_values_1_5,econ_values_2,corruption_1,corruption_2_1,corruption_2_2,corruption_2_3,corruption_2_4,corruption_2_5,corruption_3,corruption_4,corruption_5,migration_1,migration_2_1,migration_2_2,migration_2_3,migration_2_4,migration_2_5,migration_2_6,migration_2_7,migration_2_8,migration_3,security_1,security_2_1,security_2_2,security_2_3,security_2_4,security_2_5,security_2_6,security_2_7,security_3_1,security_3_2,security_3_3,security_4_1,security_4_2,security_5_1,security_5_2,security_6_1,security_6_2,security_6_3,security_7,security_8,security_9,postmat_1_1,postmat_1_2,postmat_2_1,postmat_2_2,postmat_3_1,postmat_3_2,science_1_1,science_1_2,science_1_3,science_1_4,science_1_5,science_2,religion_1,religion_2_1,religion_2_2,religion_2_3,religion_2_4,religion_3_1,religion_3_2,religion_4,religion_5,religion_6,religion_7,religion_8,ethics_1,ethics_2_1,ethics_2_2,ethics_2_3,ethics_2_4,ethics_2_5,ethics_2_6,ethics_2_7,ethics_2_8,ethics_2_9,ethics_2_10,ethics_2_11,ethics_2_12,ethics_2_13,ethics_2_14,ethics_2_15,ethics_2_16,ethics_2_17,ethics_2_18,ethics_2_19,ethics_3_1,ethics_3_2,ethics_3_3,political_interest_1,political_interest_2,political_interest_3_1,political_interest_3_2,political_interest_3_3,political_interest_3_4,political_interest_3_5,political_interest_3_6,political_interest_3_7,political_interest_3_8,political_interest_4_1,political_interest_4_2,political_interest_4_3,political_interest_4_4,political_interest_5_1,political_interest_5_2,political_interest_5_3,political_interest_5_4,political_interest_6_1,political_interest_6_2,political_interest_6_3,political_interest_6_4,political_interest_7_1,political_interest_7_2,political_interest_8_1,political_interest_8_2,political_interest_8_3,political_interest_8_4,political_interest_8_5,political_interest_8_6,political_interest_8_7,political_interest_8_8,political_interest_8_9,political_interest_8_10,political_interest_9,political_interest_10,political_culture_1_1,political_culture_1_2,political_culture_1_3,political_culture_1_4,political_culture_1_5,political_culture_2,political_culture_3_1,political_culture_3_2,political_culture_3_3,political_culture_3_4,political_culture_3_5,political_culture_3_6,political_culture_3_7,political_culture_3_8,political_culture_3_9,political_culture_4,political_culture_5,political_culture_6,political_culture_7,political_culture_8
1,2,2,2,3,3,2,2,2,2,2,2,2,2,2,2,3,3,3,3,2,5,3,3,3,3,3,3,3.,3,2,2.,2,2,3,3,5,8,5,3,2,3,3,3,3,2,2,2,2,3,2,3,3,4,4,2,3,3,2,3,4,4,3,3,4,3,3,2,3,3,3,3,3,4,2,2,4,4,2,1. واشنگتن دی سی.,2. حقوق بشر.,0,0,2,0,0,0,0,0,0,2,2,5,5,5,5,5,1,6,4,3,3,3,3,۲,3,۷,3,2,2,1,1,1,1,1,1,2. بگذارید مردم تا زمانی که مشاغل موجود باشد بیایند.,۲,4.,3,3,3,3,3,3,2,1,2,4,2,2,2,2,3,2,1,1,1,2,3,4,4,2,2,7,9,5,5,5,6,5,1,1,2,۲,3,4,5,8,3. یک ملحد,2,2,5,5,5,5,3,3,5,5,5,5,5,3,6,5,3.,3,5,5,5,5.,3,4,3,2,2,1,3,3,4,4,4,4 (کمتر از ماهانه یا هرگز),4,2,2,2,2,2,2,2,2,2,2,2,2,2,2,2,2,3,3,2,3,3,2,3,2,3,2,4,3,3,2,4,5,4,3,9,5,5,9,۷,9,10,8,7,5,2,3
2,1,1,4,3,3,2,2,2,2,2,2,2,2,2,2,3,3,3,3,2,5,3,3,3,3,3,3,3,3,2,2,2,2,2,3,7,5,6,3,2,3,2,2,3,2,3,2,۲,2,3,3.,3,4,۳ - خیلی زیاد نیست,3,3,3,3,3,4,3,3,2,3,3,3,3,3,3,4,3,3,3,3,4,4. اصلاً,4,2,3. ژنو.,1,2,0,0,0,0,0,0,2,0,2,2,5,5,5,5,7,1,6,4,2,3,2 - تعداد کمی از آنها,3,3,3,7,4,2,2,1,2,1,1,1,1,2. بگذارید مردم تا زمانی که مشاغل موجود باشد بیایند.,3,3,3,2,3,3,3,3,2,1,2,4,3,2,2,2,3,2,1,1,1,4. تلاش برای زیباتر شدن شهرها و حومه شهر,4,4. محافظت از آزادی بیان,2,2,2,8,10,6,8,5,6.,5,1.,1,2,1,3,4,5,6,2,2,2,۷,5,۸,3,5,5,5,5,5,5,5,3.,5,3,3,3,5,5,5,5,2,3,3,2,2,2,4. کمتر از ماهانه یا هرگز.,4,4,4,4,4,4,2,2,2.,2,2,2,2,2,2,2. ممکن است این کار را انجام دهد.,2,2,2,2,3,2,2,2,2,3.,3,4,3,3,3,3,4.,2,3,2,4,5,۴,۶,9,5,5,9,5,8,10,7,6,5,3,2
2.,2,2,3,2,3,2,2,2,2,2,2,2,2,2,2,3,3,3,3,3,5,3,3,3,3,3,3,3,3,2,2,2,2,3,2,5,6,5,3,2,2,2,3,3,1,3,3,2,2,2,2,4,4,3,3,4,3,3,3,3,2,3,3,2,3,3,3,3,2,4,3,4,3,4,3,2,4,2,1. واشنگتن دی سی,2. حقوق بشر.,0,1,0,0,0,0,0,0,0,2,2,5,5,5,۴,5,1,7,3,3,3,2,3,3,3,7,3,2,2,1,2,0,1,1,1,2,3,3,3,3,3,2,3,3,2,۲,2,4,4,2,2,2,2,3,1,1,1,2.,3.,4,4,2. پیشرفت به سمت جامعه ای کمتر غیر شخصی و انسانی تر.,2. پیشرفت به سمت جامعه ای کمتر غیر شخصی و انسانی تر,8,8,7,8,5,5,5,1,1,2,1,3- مخالف,4,4,5,2,2,2,۶,5,5,5,5,5,5,5,5,4,5,5,5,5,3,5,۳,5,5,5,3,4,4,2,2,2,4,4,4,4,4,4,4,2,3,2,2,2,2,2,2,1,2,2,2,2,2,2,3,4,3,3,2,4,2,4,3,3,2,4,2,2,2,4,5,4,۶,7,3,5,9,5,8,10,8,7,5,2,3.
2,2,1,2,2,4,2,2,2,2,2,2,2,2,۲,2,2,3,3,3,2,5,3,3,3,3,3,3,2,3,2,2,2,2,2,3,5,7,7,3,2,2,2,2,3,1,3,3,3,2,2,3,3,4,3. خیلی زیاد نیست.,3,3,3,3,3,3,3,3,3,3,3,2,3,3,3,3,3. خیلی زیاد نیست.,3,3,3,3,3,4,2,3,1,0,0,0,0,0,0,2,0,0,0,2,5,5,5,5,5,1,5,3,2,2,3,3,3,3,8,4,2,2,1,2,1,1,1,1,2. بگذارید مردم تا زمانی که مشاغل موجود باشد بیایند,3,3,2,2,3,3,2,3,1,1,2,4,2,2,2,3,3,2,1,1,1,3,3,4,4,2,2,8,7,5,7,4,5,5,1,۲,2,1,3,4,5,5,2,2,2,5,5,7,5,5,4,5,5,5,5,5,5,5,2,2,4,5,5,5,5,2,4,4,2,2,1,4,4 (کمتر از ماهانه یا هرگز),4,4,4,4,3,2,2,2,2,2,2,2,2,2,2,2,2,2,2,2,2,3,2,3,3,3,2,3,2,3,2,4,2.,3,2,4,5,5,۶,۹,4,4,9,5,8,10,7,6,5,3,3
1,1,2,2,2,2,2,2,2,2,2,2,2,2,1,2,2,3,3. مخالف.,3,2,5,3,3,3,3,3,3,3,3,2,2,2,2,2,3,5,7,5,3,2,2,2,3,3,2,2,3,3,3,3,3,3,3,3,3,3,3,3,3,3,2,3,۳. خیلی زیاد نیست.,4,3,3,3,3,3,3,3,3,3,3,3,3,5,2,1. واشنگتن دی سی,2. حقوق بشر.,0,0,2,0,0,0,0,2,0,2,2,5,5,5,5,5,1,7,3,3,2,3,2,3,3,8,4,1,2,1,1,1,1,1,1,2,3,3,4,3,3,3,2,3,2,1,2,2,2,۲,۲,2,3,2,1,1,۲,3,4,4,2,2. پیشرفت به سمت جامعه ای کمتر غیر شخصی و انسانی تر.,2,۸,8,۶,5,5,7,5,1,۲,2,2,3,4,4,5,1. یک فرد مذهبی,2,2,5,5.,5,5,5,5,5,5,5,5,5,5,6,4,3,5,3,5,6,5,2,4,4,3,2,1,4,4,4,4,4,4,3,2,3,2,2,2,2,2,2,2,2,2,2,2,2,2,2,4,3,2,2,2,2,2,2,3,4,4,2,3,2,4,5,۶,۵,8,5,5,9,5,8,10,7,5,5,2,2
1,2,2,3,1,2,2,2,2,2,2,2,2,2,2,2,3,3,3,3,2,5,3,3,3,3,3,3,3,3,2. جامعه ما باید به تدریج با اصلاحات بهبود یابد.,2,2,2,2,3,5,7,6,2,2,2,2,3,3,2,2,3,3,3,2,2,4,4,4,2,3,3,3,3,3,۳. خیلی زیاد نیست.,3,2,2,3,3,3,3,2,2,3,3,3,2,2,3,5,2. چین.,1. واشنگتن دی سی,2,0,0,0,0,0,0,0,2,0,0,2,4,5,5,7,5,1,7,3,3,3,2,3,3,3,۸,4,2,2,1,1.5,1,1,1,1,2,3,3,3,1,3.,2,3,2,1,1,1,4,2,2,2,3,2,4,1,1,۲,3,2.,4,4,2,2,8,8,5,5,5,6,5,1,1,2,1,3.,4,5,3,2,2,2,6,5,5,5,5,5,5,5,5,5,5,5,5,4.,2,5,5,5,5,5,3,4,4,2,2,2,4,3 (ماهانه),4,4,4,4,4,2,2,2,2,2,2,2,2,2,2,2,2,4,2,3,3,3,3,3,3,2,3,2,2,3,3,4,2,3,2,4,5,6,4,8,۳,3,9,5,9.,10,7,6,5,3,3
1,2,2,2,2,4,2,2,2,2,2,2,2,2,2,2,3,3,3,3,2,5,3,3,3,3,3,3,3,3,2,2,2,2 - ذهن نباشید.,3,3,۵,7,۸,2,2,2,3,3,3,2,2,2,3,3,3,3,3,4,3,3,3,3,3,3. خیلی زیاد نیست.,4,3,3,3,2,3,2,3,3,3,3,3,3,3,3,3. خیلی زیاد نیست.,3,6,2. چین,1. واشنگتن دی سی,1,0,0,0,0,0,0,1,0,0,0,2,5,5,7,6,5,1,7,4,3,3,2,3,3,3,۸,4,2,2,1,2,1,1,1,1,2. بگذارید مردم تا زمانی که مشاغل موجود باشد بیایند.,2,3,3,3,3,2,3,3,2,1,1,۴,۴,2,2,2,3,2,2,1,1,2,2,4,4. محافظت از آزادی بیان.,2,2,8,8,5,7,5,5,5,1,1,2,1,3. مخالف.,4,5,4,2,2,2,5,5,۷,3,5,4,5,5,5,5,5,5,5,5,3,3,5,6,5,5,3,4,3,2,2.,4,4,4,4,4 (کمتر از ماهانه یا هرگز),4,4,4,2,2,2,2,2,2,2,2,2,2,2,2,2.,2,2,3,4,3,3,3,2,2,4,2,3,2,4,2,2,2,4,5,4,۳,8,4,4,9,۷,8,10,۸,6,5,2,2
1,2,2,3,3,2,۲,2,2,2,2,1,2,2,2,2,3,3,3,3,2,5,3,3,3,3,3,3,3,3,2,2,2.,2,3,3,6,6,5,2,3,2,2,3,3,2,3,2,2,3,3.,3,4,4,3,۲,3. خیلی زیاد نیست.,۳. خیلی زیاد نیست.,4,3,3,4,3,3. خیلی زیاد نیست.,3,3,2,3,3. خیلی زیاد نیست.,4,3,3,3,3,3,3,3,5,2. چین,1. واشنگتن دی سی,2. حقوق بشر.,0,0,0,0 (متعلق به آن نیست).,0,0,0,0,0,0,0,5,6,4,5,6,1,6,3,2,3,3,3,3,3,7,4,2,2,1,2,1,1,1,1,2. بگذارید مردم تا زمانی که مشاغل موجود باشد بیایند.,3,3,3,3,3,3,3,2,1,2,2,4,3,۲,2,2,2,3,1,1,1,4,3,4,4. محافظت از آزادی بیان.,2,2,8,8,6,8,5,۷,5,1,1,2,1,3,4,6,3,2,2,2,7,5,5,5,5,3,5,5,5,5,5,5,8.,3,3,5,5,5,5,5,2,3,3,3,2,1,4,4,4,4 (کمتر از ماهانه یا هرگز),4,4,4,2,3,2,2,2,2,2,2,2,2,2,2,2,2,2,2,2. (نسبتاً اغلب),3,3,3,2,3,2,3,3,2,4,2,3,3,4,5,۶,6,8.,4,5,9,5,8,10,8,7,5,3,2
1,2,2,2,2,4,2,2,2,2,2,2,2,2,2,2,2,3,3,3,2,3,3,3,3,3,3,3,3,2,2,2.,2,2,2,3,5,7,5,2,3,2,2,2,3,2,2,2,2,2,2,3,3,۲,3,3,3,3,۳,3,4,3,3,3,4,3,3,3,3,2,3,3. خیلی زیاد نیست.,2,۲,3,4,3,5,2,1. واشنگتن دی سی.,2. حقوق بشر,0,0,0,0,0,0,2,0,0,2,2,5.,5,5,5,5,1,6,3,3,3,2,3,3,3,7,3,1,2,1,2,1,1,1,1,2. بگذارید مردم تا زمانی که مشاغل موجود باشد بیایند.,3,3,3,3,2,4.,3,2,۲,1,2,4,2,2,۲,3,4,3,1,1,۲,4,2,4,2,2,2. پیشرفت به سمت جامعه ای کمتر غیر شخصی و انسانی تر,8,۸,5.,6,5,7,6,1,1,2,2,3. مخالف.,4,5,2,1. یک فرد مذهبی,2,2,5,5,5,5,4,5,5,۵,5,5,5,5,5,5,3,5,5,5,5,5,3,4,3,3,2,3,4,2. هفتگی,4,4,4,4,4. کمتر از ماهانه یا هرگز.,2,3,2,2,2,2,2,2,2,2,2,2,2,2,2,2,3,3,2,2,3,2,3,2,2,3,4,2,4,2,4,5,5,6,8,5,5,9,7,8,10,9,7,5,3,3
1,2.,2,3,2,3,2,2,2,2,2,2,2,2,2,2,3,3,3,3,2,5,3,4,3,3,3,3,3,3,2,2,2,3,3,3,5,7,6,3,2,2,3,4,3,1,3,3,3,3,3,2,2,4,4,3,3,3,3,3,3,3,3,3,3,3,3,3,3,3,3,3,2,3,2,3,3. خیلی زیاد نیست.,5,2,1. واشنگتن دی سی,2. حقوق بشر.,0,0,0,0,0,0,2,0,0,0,2,5,5,5,5,5,1,6,3,3,3,2,3,3,3,6,4,2,2,1,2,1,1,1,1,2. بگذارید مردم تا زمانی که مشاغل موجود باشد بیایند.,3,3,3,3,3,3,3,2,2,2,2,4,2,2,2,2,2,3,1,1,1,4,4,4,2,3,2,8,9,6,6,5,7,نمی‌دانم.,1,1,2,1,3,4,5,5,2. شخص مذهبی نیست.,2,2,5,5,5,5,6,5,5,5,5,5,5,5,5.,5,۱.,5,5,۶,5.,5,2,4,4,3,2,2 (هفتگی),4,4,4,3,4,4,3,2,2,2,2,۲,2,2,2,2,2,2,2,2,2,2,2,4,2,2,3,3,2,3,2,3,۳,4,2,3,2,4,5,5,۷,8,5,5,9,5,8,10,7,8,5,2,2
1,2,2,3,2,2,2,2,2,2,2,2,2,2,2,2,3,3,3,3,2,5,3,4,3,3,3,3,2,3,2,2,2,2,3,2,7,7,6,2,3,2,3,2,3,2,3,2,3,2,2,3,3,4,3,3,3,۲,2,3,3,3,3,3,3,3,3,3,3,4,3,3,۲,3,3,3,3,5,2,1,1,0,0,0,0,0,0,2,0,0,0,2,5,5,7,5,5,1,6,3,3,3,2,3,۳,3,5,3,2,2,1,2,1,1,1,1,2,3,4,3,3,2,3,2,3,2,2,1,4,3,2,2,2,2,2,1,1,1,4,4,4,2,2,2. پیشرفت به سمت جامعه ای کمتر غیر شخصی و انسانی تر,9,8,۶,۵,5,5,7,1,1,2,1,3,4,5,4,1. یک فرد مذهبی.,2,2,۶,5,5,5,5,5,5,5,5,5,5,5,6,4,3,4,3,5,5,5.,3,4,3,3,2,1.,2 (هفتگی),4,4,4,4,4,4,2,2,2,2,2,2,2,2,2,2,2,2,2,2,3,4,4,2,2,3,2,2,2,2. نسبتاً اغلب.,2,3,4,2,4,2,4,5,5,۷,8,5,5,9,5,9.,10,7,5,5,3,3
۱,1,2,3,3,2,2,2,2,2,۲,2,2,2,2,2,3,3,3,3,2,3,3,3.,3,3,3,3,3,3,2,2,2,1,2,3,5,7,6,2,3,2,2,2,3,2,3,3,3,3,2,3,3,4,3,3,3,3. خیلی زیاد نیست.,3,2,4,4,3,3,3,3,3,3,3,2,3,4,3,3,3,3,3,6,2,1. واشنگتن دی سی.,1,0,0,0,0,0,0,0,0 (متعلق به آن نیست),0,2,2,5,5,5,5,5,1,7,۴,3,3,2,3,3,3.,۸,4,2,2,1,2,1,1,1,1,2,3,2,1,4,3,2,3,3,2,2,2,4,2,2,2,3,2,2,1,1,1,2,2,4,2.,3,2. پیشرفت به سمت جامعه ای کمتر غیرشخصی و انسانی تر.,6,8,5,5,5,6,5,1,1,2,2,3.,4,5,4,2,2,2,5,5,5.,5,5,5,5,5,5,5,5,۳,5,4,3,3,5,5,5,5,3,4,4,3,2,1,3,5,4,4,4,4 (کمتر از ماهانه یا هرگز),4,2,3,2,2,2.,2,2,2,2,2,2,2,2,2,2,3,2,2,2,3,3,3,3,3,3,3,4,2,2,2,3,5,5,4,8,3,5,9,7,10,10,7,7,5,2,2
2,2,2,3,2,3,2,2,2,2,2,2,2,2,2,2,2,3,3,۴. کاملاً مخالف.,2,5,3,3,3,3,3,3,3,3,2,2,2,3,2,3,5,8,5,2,2,2,3,4,3,2,2,2,3,2,2,2,4- اصلاً هیچ یک نیست.,4,3,3,3,3. خیلی زیاد نیست.,3,3,3: خیلی زیاد نیست.,4,3,3,3,3,۳,3,3,3,3,2,3,3,3,3,3,5,2,1. واشنگتن دی سی,1. تغییرات آب و هوا.,0,0,2,0,0,0,2,0,0,0,2,5,5,5,5,5,1,5,3,3,3,3,3,3,3,7,4,2,2,1,2,1,1,1,1,2,2,3,3,4,3,2,3,4,2,۲,2,3,3,2,2,۲,2,3,1,1,1,4. تلاش برای زیباتر شدن شهرها و حومه شهر.,4,4. محافظت از آزادی بیان,2,3,2,7,8,6,5,5,6,5,1,1,2,1,3,4,4,4,2,2,2,7,5,5,5,5,5,5,5,5,5,5,4,5,5,5,5,5,5,5,5,3,4,4,2,2.,1,4,4,4,4,4,4,4. کمتر از ماهانه یا هرگز.,2,2,2,2,2,2,2,2,2,2,2,2,2,2,4,2,3,3,3,3,3,2,3,3,3,3,4,2,3,2,4,5,5,۵,7,5,۳,9,۶,8,10,9,6,5,2,2
2,2,3,2,2,3,2,2,2,2,2,2,2,2,2,2,3,3,3,3,2,5,3,4,3,3,3,3,3,3,2. جامعه ما باید به تدریج با اصلاحات بهبود یابد.,2,2,2,3,3,5,7,7,3.,2,2,3,2,3,1,4,3,3,2,3,3,4,4,4,4,3,3,۴. اصلاً.,3,3,3,3,3,3,3,3,3,3,۱,3,2,3,3,3,3,3,5,2,3. ژنو,2,2,0,0,0,0,0,0,2,0,0,2,6,5,5,5,7,1.,7,4,3,3,2,3,3,3,8.,4,2,2,1.5,2,1,1,1,1,2. بگذارید مردم تا زمانی که مشاغل موجود باشد بیایند.,3,3,2,3,2,3,2,3,2,1,2,4,3,2,2,2,3,2,1,1,1,2,2,4,2,3. پیشرفت به سمت جامعه ای که در آن ایده ها بیشتر از پول حساب می کنند.,2,8,8,5,5,5,6,5,1,1,2,1,3.,4,5,4,2,2,2,5,5,5,5,5,5,5,5,5,5,5,4,5,3.,2,5,5.,5,5,5,3,4,3,2,2,1,4,4,4,4,4,4,2,2,2,2,2,2,2,2,2,1,2,2,2,2,2,3,2,4,3,2,3,3,3,2,2,3,3,4,2,3,3,4,5,5,2,9,5,5,9,5,8,9,7,7,5,2,4
1,1,2,2,3,3,2,2,2,2,1,2,2,2,2,1,3,4,3,3,2,5,3,3,3,3,3,3,3,3,2,2,2,3,2,3,۶,7,5,2,2,2,2,2,3,1,2,2.,3,2,2,2,3,4,3,3,3,3,3,2,4,3,3,3,3,3,3- خیلی زیاد نیست.,3,3. خیلی زیاد نیست.,3,4,4,3,2,3,3,3,5,2,1. واشنگتن دی سی.,1. تغییرات آب و هوا.,0,0,0,0,0,0,0,0,0,0,2,5,5,5,5,5,1,6,3,3,2,2,3,3,3,7,3,2,2,1,2,1,1,1,1,2,3,3,4,2,2,3 - اغلب.,3,3,1,2,۲,4,2,2,نمی توانم پاسخ بدهم.,2,3,3,1,1,1,2,2,4,4. محافظت از آزادی بیان,2,2,8,9,5,7,5,8,5,1,1,2,1,3,4,5,5,2,2,2,7,6,5,5,5,5,5,5.,4,5,5,5,5,5,2,4,5,5,5,5,3,4,4,2,2,1,4,3,4,4,4,4,4,2,2,2,2,2,2,2,2,1,2,2,2,2,2,2,2,3,2,3,3,2,2,3,2,3,3,4,2,3,3,4,5,4,۶,10,4,۴,8,5,9,10,7,6,5,2,3
2,1,2,3,2,4,2,2,2,2,2,2,2,2,2,2,2,3,3,3,2,5,3,3.,3,3,3,3,3,3,2,2,2,2,3,3,5,5,6,3,2,2,3,2,۳,2,2,3.,2,2,3.,2,4,4,3,3,3,3,3,3,3,3,4,3,3,3,3,3,3 (خیلی زیاد نیست),3,2,2,3,3,2,3,3,5,2,1. واشنگتن دی سی,2,0,0,0,0,0,0,0,0,0,0,2,5.,5,5,4,5,2,6,3,3,3,2,3,3,3,7,3,2,2,1,2,1,2,1,1,2,3,3,2,3,۱,3,2,3,2,1,1,4,2,۲,2,۳,3.,2,1,1,1,2.,2,4. محافظت از آزادی بیان,2,2,2,7,8,5,7,5,9,5,1,1,2,1,3,4,5,5,2,2,2,5,7,5,5,5,5,5,5,5,5,5,5,5,3,3,5.,5,5,5,5,3,4,4,3,2,2,3,2,4,4,4,4,3,2,2,2,2,2,2,2,2,2,2,2,2,2,2,3,3,4,2,3,3,3.,3,3,2,3,3,4,2,3,2,3,5,5,5,9,5,5,9.,5,8,9,7,۵,5,3,3
1,2,3,2,4,3,2,2,2,2,2,2,2,2,۱,2,3,3,3,3. مخالف.,2,3,3,3,3,3,3,3,3,3,2,2,2,2,2,4,5,7,7,3,2,2,2,4,3,2,2,3,3,2,2,3,4,3,3,4,3. خیلی زیاد نیست.,3,3,4,3,3,3,3,3. خیلی زیاد نیست.,3,2,3,3,3,3,4,3,3,3,4,2,5,2,1. واشنگتن دی سی.,2. حقوق بشر.,0,0,0,0,0,0,0,0,0,0,2,5,5,5,6,5,1,5,3,3,3,2,2,3,3,7,4,1,2,1,2,1,2,1,1,2,3,3.,3,3,3,3,3,2,2,2,2,4,2,2,1,2,2,2,1,1,1,2,2,4,4,2,2,7,9,5,5,5,7,5,1,1,2,1,3 (مخالف),4,5,5,2. شخص مذهبی نیست.,2,2,۷,5,5,5,5,2,5,5,5,5,5,3,5,5,3,5,5,5,5,5,2,4,4,3,2,2,3,4,4,4,4,2,4,2,2,2,2,2,2,2,2,2,2,2,2,2,2,3,3,3,3,2,۲,2,2,2,4,3,2,4,2,3,2,4,5,7,5,8,5,5,9,۷,8,10,7,7,5,3,2
2,2,2,2,2,3.,2,2,2,2,2,2,2,2,2,2,3,3,3,3,2,5,3,3,3,3,3,3,3,3,2,2,2,2,3,2,5,8,5,2,1,2,3,3,3,2,2,3,3,2,3,3,2,4,3,4,3,3,4,3,3,3,3,3,2,3,3,3,3,3,2,3,3,3,3,2,3,5,2,1,1,0,0,0,0,0,0,0,0,0,2,2,5,5,5,5,5,1,5,4,3,3,2,3,3,3,5,3,2,2,1,1,1,1,1,1,2,3,3,3,4,2,3,2,2,1,2,2,4,2,2,1,3,3,3,1,1,1,2,4.,4,2,2. پیشرفت به سمت جامعه ای کمتر غیر شخصی و انسانی تر.,2,7,8,5,5,5,7,5,1,1,2,2,3,4,5,5,2. شخص مذهبی نیست.,2,2,۶,4,5,5,5,5,4,5,5,5,5,6,5,1,3,5,5,5,5,5,3,4,3,3,2,1,4,4,4,4,4,4,3,2,2,2,2,2,2,2,2,2,2,2,2,2,2,2,2,4,3,3,2,2,2,2,2,3,2,4,2,3,2,4,5,6,5,9,5,5,8,5,8,9,7,5,5,3,3
1,2,2,3,2,2,2,2,2,2,۲,2,2,2,2,2,3,3,3. مخالف.,3,2,5,3,3,3,3,3,3,3,3,2,2,2,2,2,2,7,7,5,2,2,2,2,4,3,2,2,3,3,2,2,2,4,4. اصلاً.,3,3,4. اصلاً هیچ یک نیست.,3,3,۳,3,3,3,3,2,3,3,۲,3,3,4,3. خیلی زیاد نیست.,3,3,2,3,3,5,2. چین,1. واشنگتن دی سی,2. حقوق بشر,0,0,0,0,0,0,0,0,0,0,2,5,5,5,5,4,1,6,3,2,3,2,3,3. اغلب,4,6,4,2,2,1,1,1,2,1,1,2,3,3,3,3,2,2,3,3,2,1,2,4,3,2,2,۳,3,2,1,1,1,4,4.,4,2,2. پیشرفت به سمت جامعه ای کمتر غیر شخصی و انسانی تر,2,8,9,5.,7,5,۷,5,1,1,۲,1,3,4,3,4,2,2,2,6,5,5,5,5,5,۸,5,5,۵,5,5,5,5,3,5,5,5,5,5,3,4,3,3,2,3,4,4,4,4,4. کمتر از ماهانه یا هرگز.,4,4,2,2,2,2,2,2,2,2,2,2,2,2,2,2,3,2,4,3,3,3,3,2,2,3,3,3,4,2,2,2,4,5,۵,5,8,5,5,8,5,9,10,8,6,5,3,3
1,2,2,2,1,3,2,2,2,2,2,2,2,2,2,2,3,3,3,3,2,5,3,3,3,3,3,3,2,3,2,2,2,2,2,3,5,7,5,3,3,3,2,2,3,2,2,2,2,3,3,2,3,3,3,3,3,۲ (کاملاً زیاد),3,3,3,3,3,۳ - خیلی زیاد نیست.,3,3,3. خیلی زیاد نیست.,3,3,3,3,3,3,3,3,2,3,5,2,1. واشنگتن دی سی,2,0,0,0,0,0,2,0,0,0,0,2,5,5,7,5,5,1,5,3,2,3,3,3,3,3,7,4,2.,2,1,2,1,1,1,1,2,2,3,3,3,2,3,3,2,2,1,2,4,3,2,1,۲,3,2,1,1,1,4,4,4,2,2. پیشرفت به سمت جامعه ای کمتر غیر شخصی و انسانی تر,2,8,8,5,7.,5,6,5,1,1,1,2,3,4,5,5,2.,2,2,5,5,5,5,5,5,5,5,5,5,5,5,۷,3.,3.,5,5,5,5,4,3,4,4,3,2,1,4,4,4. کمتر از ماهانه یا هرگز.,4,4,4 (کمتر از ماهانه یا هرگز),4 (کمتر از ماهانه یا هرگز),2,2,2,2,2,2,2,2,2,2,2,2,2,2,3,2,4,3,2,2,2,3,4,2,3,3,4,2,3,2,3,5,4,۶,8,5,5,10,6,8,10,8,7,5,3,2
1,2,2,3,2,3,2,2,2,2,2,1,2,2,2,2,3,3,3,3,3,5,3,4,3,3,3,3,3,3,2,2,2.,2,2,3,6,7,5,4,2,3,2,4,3,2,2,2,2,3,3,2,3,4,3,3,3,3,3,4,3,3,3,3,3. خیلی زیاد نیست.,3,3. خیلی زیاد نیست.,3,3,3,3,4,4,3,3,3,3,5,2,1. واشنگتن دی سی,2. حقوق بشر.,0,0,0,0,0,0,0,0,0,0,2,5,5,5,5,5,1,6.,3 (بیشتر آنها),3,3,2,3,3,3,۷,4,2,2,1,1,1,1,1,1,2. بگذارید مردم تا زمانی که مشاغل موجود باشد بیایند.,2,3,2,3,3,3,3,3,۲,1,1,4,3,۲ (نه),۲,3,3,3,1,1,1,4,3.,4,2,2,2. پیشرفت به سمت جامعه ای کمتر غیر شخصی و انسانی تر,8,8,5,5,5,5,5,1,1,2,2,۴ (کاملاً مخالف),3,5,5,2. شخص مذهبی نیست,2,2,5,5,5,5,5,5,5,5,5,5,5,4,5,3,3,3,5,5,5,5,3,4,4,3,2,4,4,4,4,4,4,4,4,2,2,2,2,2,2,2,2,2,2,2,2,2,2,3,2,4,2,3,4,2,2,2,4,3,3,4,۱,2,2,4,5,5,6,9,4,5,9,5,8,10,7,6,5,3,2
2,2,2,3,2,2,2,2,2,2,2,2,2,2,2,2,2,3,3,3,2,5,3,3,3,3,3,3,3,3,2. جامعه ما باید به تدریج با اصلاحات بهبود یابد.,2,2,2,3,3,7,6,5,3,2,2,2,2,3,1,2,3,2,2,3,3,3,4,3,2,3,3,3,3,4,3,3,3,4,۳,3,4,3,3,3,3,3,2,3,4,2,5,2,1,2,0,0,0,2,0,0,1,0,0,0,2,6,5,8,5,7,1,7,3,3,3,2,3,2,3,7,4,2,2,1,2,1,1,1,1,2. بگذارید مردم تا زمانی که مشاغل موجود باشد بیایند.,3,3,3,3,2,2,2,2,1,2,1,3,2,۲,2,2,۳,2,1,1,1,2.,4,2,2,2,2. پیشرفت به سمت جامعه ای کمتر غیر شخصی و انسانی تر,7,8,5,7,5,7,5,1,1,2,1,3,4,6,4,2. شخص مذهبی نیست,2,2,7,5,5,5,5,۳,5,5,5,4,5,4,5,5,3,4,۳,5,5,5,2,4,4,2,2,1,4,4 (کمتر از ماهانه یا هرگز),4,4,4,4,4 - کمتر از ماهانه یا هرگز.,2,2,2,2,2,2,2,2.,2,2,2,2,2,2,2,2,4,3,2,3,3.,3,3,2,3,3,4,2,5,2,3.,5,5,5,۸,5,۳,10,6,8,10,7.,6,۳,2,3
2,2,2,3,3,3,2,2,2,2,2,2,2,2,2,2,2,3,3,3,3,5,3,3,3,3,3,3,2,3,2,2,2,2,2,3,6,7,7,۴,2,2,4,۴. هرگز.,3,2,2,3,2,2,3,2,3. خیلی زیاد نیست.,4,3,2,4,3,3,3,3,3,3,3,3,3,3,3,3. (خیلی زیاد نیست),3,3,3,3,3,3,3,3,5,2,1. واشنگتن دی سی,1,0,0,0,0,0,0,0,2,0,0,2,5,5,5,5,5 - هر دو بیانیه یک قسمت درستی و یک قسمت نادرستی دارند. کار سخت ممکن است در دراز مدت به زندگی بهتری منجر شود ، اما موفقیت فقط به کار سخت یا شانس بیشتری نبسته است. گاهی اوقات ارتباطات نیز بسیار مهم هستند.,1,6,4,3,3,2,3,3,3.,7,4,2,2,1,1,1,1,1,1,2,3,4,2,2,3.,2,3,2,2,1,1,4,2,2,2,2,3,3,1,1,۲,2,3.,4,4,3,2,8,۹,5,8,5,۷,5,1,1,2,1,3. مخالف.,3,4,4,2,2,2,6,5,5,5,5,5,5,5,5,5,5,2,5,3,5,5,5,5,5.,5,3,4,3,2,2,1,4,4,4 (کمتر از ماهانه یا هرگز),4,4 (کمتر از ماهانه یا هرگز),4,4,2,3,2,2,2,2,2,2,2,2,2,2,2,2,3,3,4,3,3,2,3,3,3,2,3,3,4,2,4,2,4,5,۷,۴,9,5,5,8,5,10,10,7,6,5,3,3
1,2,2,3,3,3,2,2,2,2,2,2,2,2,2,2,3,3,3,3,2,5,3,3,3,3,3,3,3,3,2,2,2,3,2,3,5,6,6,3,2,2,3,3,3,2,4,3,3,2,3,3,4,4,3,3,3,4,3,3,3,3,3,3,3,3,3,3,3,2,4,3,3,3,3,4,3,5,2,1. واشنگتن دی سی,2. حقوق بشر.,0,0,0,0,0,0,0,0,0,2,2,5,5,4,5,5,1,6,3,3,3,2,3,3,3,6,4,1,2,1,2,1,1,1,1,2,3,3,3.,3,2,3,3,3,۲,۲,1,4,3,۲,2,2,3,3,1,1,1,4,3,4,2,2,2,7,9,5,6,5,5,5,1,1,2,1,3,4,5,2,2,2,2,7,5,4,5,5,5,5,5,5,۷,5,5,6,5,4,3,5,5,5,5,3,4,4,3,2,2,4,3 (ماهانه),4,4,4,4,4,2,2,2,2,2,2,2,2,2,2,2,2,2,2,2,2,4,2,3,3,3,2,2,2,3,3,4,2,3,2,4,5,5,5,9,4,5,7,5,8,9,7,5,5,3,3
1,2,2,4,2,3,2,2,2,2,2,2,2,2,2,2,2,3,3,3,3,5,3.,3,3,3,3,3,3,3,2,2,2,2,3.,3,4,8.,5,3,3,3,3,4,3,2,3,2,3,3,2,2,3,4,3. خیلی زیاد نیست.,3,3,3,3,3,3,3,3,3,2,3,3,2,3. خیلی زیاد نیست.,2,3,3,3,3,3,2,3,5,2,1. واشنگتن دی سی,2. حقوق بشر.,0,0,0,0,0,0,2.,0,2,2,0,5,5,5,5,5 - به نظر من کار سخت معمولاً برای دستیابی به اهداف و موفقیت ضروری است ، اما همه چیز به شانس و ارتباطات گاهی نیاز دارد.,1,7,4,3,3,3,3,3,3,7,3,2,2,1,2,1,2,1,1.5,2. بگذارید مردم تا زمانی که مشاغل موجود باشد بیایند.,3,3,3,3,3,3,3,3,1,2,۲,3,3,2,2,2,3,2,1,1,1,2,4,4,2,2. پیشرفت به سمت جامعه ای کمتر غیر شخصی و انسانی تر,2,7,8,5,5,5,7,4,1,1,2,2,3,4,5,6,2,2,2,6,5,۸,5,5,5,5,5,5,5,5,5,6,3,3,5,5,5,5,5,3,4,3,2,2.,1,4,2,4,4,4,4,4 - کمتر از ماهانه یا هرگز.,2,2,2,2,2,2,2,2,2,2,2,2,2,2,2,2,4,2,3,2,3,3,3,2,3,3,4,2,3,2,4.,5,5,۷,8,5,5,9,5,8,9,6,6,5,2,3
2,2,3,2,2,3,2,2,2,2,2,2,2,2,2,2,3,3,3,3,2,4.,2,3,3,3,3,3,3,2,2,2,2,3,3,3,6,7,7,3,4,3,2,4,۳. تقریباً یکسان.,2,2,2,2,2,3,3,3,3,3,3,3,3,3,4,3,3,3,3,2,4,۳. خیلی زیاد نیست.,4,3,3,3,3,3,3,3,3,3,5,2,۱. واشنگتن دی سی.,1.,0,0,0,1,0,0,0,0,0,1,2,5,5,5,5,5,1,6,3,2,3,3,2,3,3,7,3,2,2,1,2,1,2,1,1,2,2,2.,3,3,2,3,3,3,2,1,2,۴,2,2,1,2,3,2.,1,1,۲,2.,2,4,2,2. پیشرفت به سمت جامعه ای کمتر غیر شخصی و انسانی تر,2,9,7,6,7,5,8,3,1,1,2,1,3,4,4,5,2. شخص مذهبی نیست,2,2,5,3,5,5,5,5,5,5,5,5,5,4.,5,3,5,5,5,5,5,5,3.,4,3,3,2,2 (هفتگی),3,4,4,4,4,4,4,2,2,2,2,2,2,2,2,2,2,2,2,2,2,2,2,2,2,3,2,2,2,3,2,3,3,4,2,4,2,4,5,۶,3,9,4,5,9,5,8,10,7,7,5,3,3
2,2,2,3,2,3,2,2,2,2,2,2,2,۲,2,2,2,3,3,2,2,5,3,3,3,3,3,3,3,2,2,2,2,3,2,2,5,7,5,2,2,2 (گاهی اوقات),3,3,3,2,2,2,3,2,3,2,3,4,2,3,3,4,3,۳,4,3,3,3,2,3,3. خیلی زیاد نیست.,3,3,2,3,4,2,3,3,2,3,6,2,1. واشنگتن دی سی,2. حقوق بشر.,0,0,0,0,0,0,2,0,0,0,2,5,7,5,5,7,1,5,3,3,3,۲,3,2,3,8,3,2,2,1,2,0,1,1,1,2. بگذارید مردم تا زمانی که مشاغل موجود باشد بیایند.,3,3,3,3 - اغلب.,2,3,2,3,2,۲,2,4,۴,2,1,2,3,3,1.,1,1,3,3. با دیدن اینکه مردم در مورد چگونگی انجام کارها در مشاغل و جوامع خود حرف بیشتری می زنند.,4,2. دادن بیشتر به مردم در تصمیمات مهم دولت.,2,2. پیشرفت به سمت جامعه ای کمتر غیر شخصی و انسانی تر.,8,7,5,6,5,5,5,1,۲,1,1,3,4,5,3,2,2,2,5,5,5,5,5,3,5,5,5,5,5,3,۵,3,5.,5,5,5,5,۳,3,4,3,2,3,1,3,4,4,4,4,4,4,2,3,2,2,2,2,2,2,2,2,2,2,2,2,2,2,۴,3,3,3,2,2. نسبتاً اغلب.,2,3,3,3,4,2,3,2,4,5,5,۴,8,4,4,9.,5,8,10,7,5.,5,3,2
2,2,2,4,2,3,2,2,2,2,2,2,2,2,2,2,3,3,3,3,2,5,3,3,3,3,3,3,3,3,2,2,2,2,3,3,7,7,7,2,2,3,3,3,3,2,2,3,2,2,۲,2,4,4,3,4,3,3,3,3,3,3,3,2,3,3,3,3,3,3,3,3,3,3,3,3,2,5,2,1. واشنگتن دی سی,1,0,0,0,1,0,0,0,0,0,2,2.,5,5,5,6,5,1.,5,4,2,3,2,3,3,3,7,4,2,2,1,2,1,2,1,1,2,3,3,2,2,3,3,3,3,1,2,2,2,3,2,2,3,3,۳,1,1,1,2,3,4,2,2,2,7,8,5,7,5,7,5,1,1,2,2,3,4,5,6,1. یک فرد مذهبی,2,2,7,5,5,5,5,5,5,5.,5,5,5,5,5,3,3,3,4,5,5,5,3,4,3,3,2,1,4,4,4,4,4,4,4 (کمتر از ماهانه یا هرگز),2,2,2,2,2,2,2,2,2,2,2,2,2,2,2,2,4,2,2,3,2,3,2,3,3,3,4,3,3,2,5,5,5,7,8,3,5,9,5,8,10,8,7.,5,3,2
1,2,3,3,1,3,2,2,2,2,2,2,2,2,۲,2,2. موافقید.,3,3,3,2,5,3,4,3,3,3,3,3,3,2,2,2,2,2,2,5,۶,7,3,3,2,2,4,3,2,3,2,2,3,3,3,2,4,3,2,3,4,3,4,3,4,4,3,3,3,3,3,3,3,3,3,3,3,3,3,3,5,2,1. واشنگتن دی سی.,2,0,0,2,0,0,0,0,0,0,2,2,4,5,5,5,7,1,6,3,3,3,2,3,3,3,8,4,2,2,1,2,0,1,1,1,2. بگذارید مردم تا زمانی که مشاغل موجود باشد بیایند.,3,2,3,2,2,2,2,3,1,1,2,3,3,2,2,2,3,۳,1,1,1,4,2,4,2,2,2,8,7,5,۶,5,6,5,1,1,2,1,3,3,5,5,3. یک ملحد.,2,2,5,5,۸,5,5,5,5,5,5,5,5,5,5,5,3,5,5.,5,5,5,2,4,3,2,2,1,3,4,4,4,4,4,4,2,2,2 - ممکن است این کار را انجام دهد.,2,2,2,2,2,2,2,2,2,2,2,2,2,2,3,2,3,4,3,4,2,3,3,4,2,3,2,4,5,4,5,8,5,5,9,5,8,10,7,7,5,3,2
1,2,2,3,2,2,2,2,2,2,2,2,2,2,2,2,3.,3,3,3,2,5,3,3,3,3,3,3,3,3,2,2,2,3,2,3,5,8,7,2,2,2,3,2,3,2,2,2,2,2,2,2.,3,4,۲ (کاملاً زیاد),3,3,4,3,3,3,3,3,3,3,3,3,3,3,3,3,2,3,3,2,2,3,5,2,1,2,0,0,0,0,0,0,0,2,0,0,2,5,5,6,5,5,1,5,3,2,3,2,3,۲,3,6,3,2,2,1,2,1,1,1,1,2,3,2,3,3,3,3,3,3,2,2,2,4,3,1,2,2,3,2,1,1,1,2,3,4,4,2,2,8,8,5,7,5,5,5,1,1,2,۲,3,4,5,4,1.,2,2,5,5,7,5,5,3,5,5,5,5,5,4,5,3,۱.,4,5,5,5,3,3,4,4,3,2,4,4,4,4,4,4,4,4,2,2,2,2,2,2,2,2,1,2,2,2,2,2,2,4,3,2,3,3,2,2,3,2,3,3,3,3,3,2,4,5,6,۶,9,5,3,9,6,9,10,8,7,5,2,3
1,2,2,2,2,3,2,2,2,2,۲,2,2,2,۲,2,2,3,3. مخالف.,3,2,5,3,3,3,3,3,3,3,3,2,2,2,2,3,3,۶,7,6,2,2,2,3,4,3,1,3.,3,2,2,3,3,3,3,3,3,3. خیلی زیاد نیست.,3,3,3. خیلی زیاد نیست.,4,3. خیلی زیاد نیست.,3,3,3,3,3,۳,4,2,3,2,3,2,3,3,3,5,2,1,2. حقوق بشر.,0,0,0,0,0,0,2,0,0,0,2,4,5,5,5,4,1,7,3,2,3,2,3,2,3,6.,4,2,2,1,2,1,1,1,1,2,3,3,2,3,3,۴,3,3,1,2,2,4,2,2,2,۲,2,۳,1,1,1,4,2,4,4,3,2,7,8,7,7,5,7,5,1,1,2,1,3,4,5,8,2,2,2,5,5,7,5,5,5,5,5,5,5.,5,3,5,5,3,5,3,5,5,5,3,4,3,2,2,1,3,4,4,4,4,4,4. کمتر از ماهانه یا هرگز.,2,2,2,2,2,2,2,2,2,2,2,2,2,2.,3,3,4,2,3,3,2,2,2,3,3,3,4,2,3,2,3,5,5,۶,8,3,5,9,6,7,10,7,7,5,2,3
1,2,2,3,2,3,2,2,2,1,2,2,2,2,2,2,3,3,3,3,2,3,3,3,3,3,3,3,3,3,2,2,2,2,2,2,6,5,5,2,2,2,3,2,3,2,3,3,2,3,2,2,4,3,3,4,3. خیلی زیاد نیست.,3,3,3,3,3,2,2,2,3,3,3,3,3,3,3,3,3,3,3,4,5,2,1. واشنگتن دی سی,2. حقوق بشر.,0,0,2,0,0,0,0,2,2,2,2,5,5,5,5,4,1.,7,3,3,3,2,3,2,3,6,4,2,2,1,2,1,1,1,1,۲. بگذارید مردم تا زمانی که مشاغل موجود باشد بیایند.,2,3,3,4,3,3,3,3,2,1,2,3,3,۲,2,2,3,2,1,1,1,4,4,4,2,2,2. پیشرفت به سمت جامعه ای کمتر غیر شخصی و انسانی تر.,9,9,5,7,5,5,5,1,1,2,2,3,4,5,3,2,2,2,7,5,5,5,5,5,5,5,5,5,5,4,5,5,2,5,3,5,5,5,3,4,4,3,2,4,4,4,4 - کمتر از ماهانه یا هرگز (زیرا من یک هوشمند مصنوعی هستم و نیازی به استفاده از تلفن همراه ندارم),4,4,4,4,2,2,2,2,2,2,2,2,2,2,2,2,2,2,3,2,4,2,2,3,2,4,2,2,3,2,4 (بسیار بد),2,3,2,4,5,4,5,9,5,6,9,5,9,10,5,6,5,3,۲. کاملاً افتخار می کنم.
1,1,2,3,4,3,2,2,2,2,2,2,2,2,2,2,2,3,3- مخالف,3,3,5,3,3,3,3,3,3.,3,3,2. جامعه ما باید به تدریج با اصلاحات بهبود یابد.,2,2,2,2,3,7,7,5,2,2,2,2,3,3,1,2,2,2,3,3,3,۲,4,4,3,3,3,3,4,3,3,3,3,۳,3,3,2,3,3,4,4,2,3,3,4,4. اصلاً هیچ یک نیست.,5,2,1. واشنگتن دی سی,2,0,0,0,0,0,0,0,0,0,2,2,5,5,5,5,7,1,6,3,3,2. تعداد کمی از آنها.,2,3,3,3,6,4,2,2,1,2,1,1,1,1,2. بگذارید مردم تا زمانی که مشاغل موجود باشد بیایند.,3,3,3,2,3,3,3,2,۲,2,2,4,3,2,2,2,3,3,1,1,1,2,3,4,2,2. پیشرفت به سمت جامعه ای کمتر غیر شخصی و انسانی تر,2,8,9,5,7,6,8,3,1,۲,۲,1,3,4,4,5,2,2,2,5,5,7,5,5.,5,5.,5,5,5,6,5,7,5,۱ - هرگز قابل توجیه نیست.,3,5,5,5,5,3,4,4,3,2,1,2 (هفتگی),4,4,4,4,4 (کمتر از ماهانه یا هرگز),4,2,2,2,2,2,2,2,2,1,2,2,2. ممکن است این کار انجام شود.,2,2,2,3,4,2,2,2,3,3,3,3,3,3,4,2,2,3,4,5,5,5,9,4,3.,9,4.,8,9,7,7,5,3,3
2,2,3,3,2,3,2,2,2,1,2,۲,2,2,2,2,2,3,3,3,2. موافق.,5,3,5,3,3,3,3,3,3,2,2,2,2,2,3,5,7,7,3,3 (به ندرت),2,3,2,3,1,2,3,2,2,2,3,3. خیلی زیاد نیست.,4,3,4,3,3,3,3,3,3,3,2,3,3,3,2,3,2,3,3. خیلی زیاد نیست.,3,3,2,3- خیلی زیاد نیست.,3,5,2,1. واشنگتن دی سی,2. حقوق بشر,0,0,2,0,0,0,0,0,0,2,2,5,5,۴,5,5,1,7,3,3,3,2,2,3,3,5,3,2,2,1,2,1,1,1,1,2. بگذارید مردم تا زمانی که مشاغل موجود باشد بیایند,3,2,3,3,3,3,2,2,2,1,2,3,2,2,2,1,2,2,1,1,1,2,2,4. محافظت از آزادی بیان.,2,2. پیشرفت به سمت جامعه ای کمتر غیر شخصی و انسانی تر,2,7,8,5,8,5,8.,6,1,1,2,1,3,4,5,4,2,2,2,5,5.,6,6,5,5,5,5,5,5,5,5,5,3.,3,5,5,5,4.,5,3,4,3,3,2,4,4,4 (کمتر از ماهانه یا هرگز),4,4,4,4,4,2,2,2,2,2,2,2,2,2,2,2,2,2,2,3,3,4,2,2,۳,4,2,3,2,3,3,4,2,3,2,4,5,6,4,۹,5,3,9,6,7,10,7,6,5,2,2
1,2,2,2,2,3,2,2,2,2,2,2,2,2,2,2,3,4,3,3,2,5,3,3,3,3,3,3,3,3,2. جامعه ما باید به تدریج با اصلاحات بهبود یابد.,2,2,2,2,3,7,7,7,2,2,3,2,3,3,1,2,3,2,2,2,2,3,4,4,3,3,۲,3,3,3,3,3,3,2,3,3,2,3,2,3,3,3,3,3,3,۲,5,2,3. ژنو.,1,0,0,0,0,0,0,2,0,2,2,2,5,5,7,5,5,1,5,3,2,3,2,3,3,3,7,4,1,2,1,1,1,2,1,1,2,3,2,2,3,3,3,3,3,2,1,2,4,3,2,2,2,2,3,1,1,1,2.,3,4. محافظت از آزادی بیان,4,2,3,8,7,5,6,5,5,5,1,1,۲,1,3,4,5,7,2,2,2,5,5,5,5,5,3,5,5,5,5,5,5,5,3,2,5,5,5,5,5,3,4,4,3,2,1,2,4,4,4,4,4,3,3,2,2,2,2,2,2,2,2,2,2,2,2,2,2,2,4.,3,3,3,2,2,3,3,3,3,4,۱,3,2,3,5,۶,۶,10,4,5,9,5,10,10,7,7,5,3,2
2,2,2,3,2,2,2,2,2,2,2,2,2,2,2,2,2,3,3,3,2,5,3,3,3,3,3,3,3,3,2,2.,2,2,2,2,5,7,5,2,3,3,2,3,3,2,3,3,3,2,۲. اعتماد به نفس,3,3,4 - اصلاً هیچ یک نیست.,3,2,4,3,3,3,3,3,3,۲ - کاملاً زیاد,3,3,3,2,3,3,4,3,3,3,2,3,4,5,2,1,2.حقوق بشر.,0,0,0,2,0,0,0,0,2,2,2,5,5,5,3,5,1.,5,3,3,2,2,3,3,3 (مخالف),7,4,2,2,1,2,1,1,1,1,2. بگذارید مردم تا زمانی که مشاغل موجود باشد بیایند.,2,3,3,2,3,3,3,3,2,1,2,3,2,2.,2,2,4,3,2,1,1,3,2,4,4,2. پیشرفت به سمت جامعه ای کمتر غیر شخصی و انسانی تر,2,7,7,6,7,5,8.,5.,1,1,2,1,3,4,4,6,2,2,2,7,6,۸,5,5,5,5,5,5,۶,5,4,5,3.,4,5,5,5,5,5,2,4,3,3,2,2. هفتگی,4,4 - کمتر از ماهانه یا هرگز (من از اخبار رادیویی به طور مرتب استفاده نمی کنم),4,4,4,3,4 (کمتر از ماهانه یا هرگز),2,2,2,2,2,2,2,2,2,2,2,2,2,2,2,2,4,2,3,3,3,2,2,2,3,3,4,2,3,2,4,5,6,3,8,3,5,9,5,9,10,8,7,5,3,3
2,2,3,3,2,4,2,2,2,2,2,2,2,2,1,2,3,3,3,3,2,5,3,3,3,3,3,3,3.,3,2,2,2,2,2,3,5,7.,5,3,2,2,2,2,3,2,2,3,۲,2,3,3,4,4,3,3,3,4,۳. خیلی زیاد نیست.,3,3,2,4. اصلاً هیچ یک نیست.,3,2 - کاملاً زیاد,3,3,3,3,3,3,3,3,3,3,3,3,5,2,1. واشنگتن دی سی,2. حقوق بشر.,0,0,0,0,0,0,0,0,0,2,2,5,5,5,8,6,1,7,4,3,3,2,3,3,4,7,4,2,2,1,1,1,1,1,1,2,3,3,4,3,2,2,3,2,1,1,2,4,2,2,2,2,3,3,1,1,1,2.,2,4,4,2,2,8,8,5,۷,5,6,5,1,1,2,1,3,4,5,4,2,2,2,6,5,5,3,5,5,5,5,5,3.,5,5,5,3,2,5,5,5,5,5,3,4,3,3,2,2,4,4,4,4,4,4 (کمتر از ماهانه یا هرگز),4,2,2,2,2,2,2,2,2,2,2,2,2,2,2,2,3,3,2,3,3,4,2,3,3,3,3,4,2,4.,3,4,5,5,4,8,۷,5,۹,5,9,10,6,6,5,3,2
1,2,1,2,3,3,2,2,2,2,۲,2,2,2,1,2. موافق.,2,3,3,3,2,5,3,3,3,3,3,3,2,3,2,2,2.,2,3,3,6,5,7,2,3,3,3,3,1,1,3,3,3,2,3,2,3,2,3,2,3,۲,3,3,3,3,3,2,4,3,3. خیلی زیاد نیست.,3,4,4,3. خیلی زیاد نیست.,3,3,3,3,4,3,5,2,3. ژنو.,۱. تغییرات آب و هوا.,1,0,0,0,0,0,2,0,0,0,2,5,5,5.,5,5,2,7,3,2,2,1,3,2,3,8,4,2,2,1,1,1,1,1,1,2,3,3,2,3,2,3,2,3,1,1,2,4,2,2,1,3,3,3,2,1,1,3,2,4,2,2,2,8,۸,5,7,5,7,5,1,1,2,2,3,4,5,3,2,2,2,5,5,5,5,4,5,5,5,5,5,4,5,5,3,4,3,4,5,5,6,2,4,3,3,2,2,3,4,4,4,4,4 (کمتر از ماهانه یا هرگز),4,3,2,2,2,2,2,2,2,1,2,2,2,2,2,3,2,4.,3,2,3,2,3,2,2,2,3,4,2,3,2,4,5,5,۶,8,5,5,9,4,8,10,8.,6,5.,2,2
1,2,2,3.,4,2,2,2,2,2,2,2,2,2,2,2,2,3,3,3,2,5,3.,3,3,3,3,3,3,3,2,2,1,3,2,3,7,7,4,2,2,2,2,4,3,2,3,3,3,2,2,2,4,4,۲,3,3,3,4,3,3,4,3,3,4,3,3,3,3,2,4,3,3,3,3,4,3,5,2,1. واشنگتن دی سی.,1. تغییرات آب و هوا,0,0,0,0,0,0,2,0,2,0,2,5,5,5,5,5,1,5,3,3,3,2,2,3,4,7,4,2,2,1,2,1,1,1,1,2. بگذارید مردم تا زمانی که مشاغل موجود باشد بیایند.,3,2,4,4,3,3,3,3,2,۲,1,4,3,2,۲,2,3,3,1,1,1,3,4,4,2,2,2,9,8,6,7,5,7,5,۲,1,2,1,3,4,4,5,2,2,2,5,5,5,5,5,5,5,5,5,5,5,5,4,5,3,5,5,5,5,6,3,4.,3,3.,2,1,4,4,4,4 (کمتر از ماهانه یا هرگز),4,2,4,2,2,2,2,2,2,2,2,2,2,2. ممکن است این کار را انجام دهد.,2,2,2,2,3,4,2,3,3,4,3,2,2,3,3,4,2,4,2,4,5,6,6,8,3,5,9,5,9,10,9,6,5,2,3
1,2,2,3,2,3,2,2,2,2,2,۲,2,2,2,2,3,4,3,3,2,5,3,3,3,3,3,3,3.,3,2.,2,2,3,2,2,5,6.,5,3,2,2,2,2,3,1,3,3,3,2,3,2,4,4,3,3,3,3,3- خیلی زیاد نیست.,3,۴,3,4,3,3,3,2,3,3,3,3,3,4,3,2,3,3,5,2. چین,1. واشنگتن دی سی,2. حقوق بشر.,0,0,2,0,0,0,2,2,0,2,2,5,5,5,5,8,1,7,3,3,3,2,3,3,3,6,3,1 (سخت است),2,1,2,1,1,1,1,2,3,2,3,4,2,3,3,3,2,1,2,4,3,۲,2,2,3,2,1,1,1,3,2.,4,4,3,2,۹.,۸,5,7,5,7,5,1,1,1,1,3,4,5,4,2. شخص مذهبی نیست.,2,2,5,5,5,5,5,5,5,۷,5,5,5,3.,5,5,3,5,5,5,5,5,2,4,3,3,3,1,4,4. کمتر از ماهانه یا هرگز.,4,4,4,4,4,2,2,2,2.,2,2,2,2,2,2,2,2,2,3,2,2.,2,2,2,2,3,2,2,2,3,3,4,2,2,2,4,5,۶,6,9,5,5,9,5,8,10,8,6,۳,3,2
1,3,2,3,2,4,2,2,2,2,2,2,2,2,2,2,3,3,3,3,2,5,3,3,3,3,3,3,3,3,2,2,2,2,2,3,5,8,5,2,3,2,2,3,3,2,2,3,3,2,2,2,3,۲,3,2,3,۳,3,3,3,3,2,2,3,3,3,2,3,2,3,4,3,3,3,4,3,6,2. چین,1. واشنگتن دی سی,1. تغییرات آب و هوا,0,0,0,0,0,0,0,0,0,2,2,5,5,5,5,۳ - من معتقدم که کار سخت به طور کلی به موفقیت منجر نمی شود ، اما در برخی موارد ممکن است زندگی بهتری را به همراه داشته باشد.بستگی به شرایط و عوامل مختلفی دارد.,1.,7,3,3,3,2,3,3 (اغلب),3,7,3,2,2,1,2,1,2,1,1,2,3,3,2,3,3.,3,3,4,2,1,2,4,4,2,2,2,3,۳,1,1,1,2,2,4,2,2,3,7,9,5,5,5,۸,5,1,1,2,1,3,4,5,5,2,2,2,7,5,7.,5,3,5,5,5,5,5,5,5,6,5,۱,5,5,5,5,5,3,4,3,3,2,4,2 (هفتگی),4,4 (کمتر از ماهانه یا هرگز),4 (کمتر از ماهانه یا هرگز),4,4,4 (کمتر از ماهانه یا هرگز),2,2,2,2,۲,2,2,2,2,2,2,2,2,2,3,2,3,3,3,3,2,3,3,2,3,3,4,2,4,2,4,5,5,۴,8,5,5,8,5,8,10,7,5,5,3,3
۱,1,2,2,2,3,2,2,2,2,2,2,2,2,۲,2,2,3,3,3,2,5,3,3,3,3,3,3,3,3,2,2,2,2,3,2,5,7,5,2,2,3,3,2,3,2,3,2,۲,2,2.,3,4,3,3,۲ (کاملاً زیاد),3,3,3,3,3,4,3,3,3,3,2. کاملاً زیاد.,3,3,2,3. خیلی زیاد نیست.,3,2,3,2,2,3,4,2,1,1,0,0,0,0,0,0,0,0,2,0,2,4,5,5,7,5.5,1,7,4,3,3,2,3,3,3 (مخالف),7,۴,2,2,1,2,1,1,1,1,2,3,3,3,3,2,2,3,2,2,1,2,4,2,2,2,3,2,2,1,1,1,4,3,4. محافظت از آزادی بیان,2,2. پیشرفت به سمت جامعه ای کمتر غیر شخصی و انسانی تر.,2. پیشرفت به سمت جامعه ای کمتر غیر شخصی و انسانی تر.,7,۸,5,6,5,6,3,1,1,2,1,3,4,4,3,2,2,2,5,5,5,5,5,2,۸,5,5,7,5,5,۵,4,3,5,5,5,5,5,3,4,4,2,2,1,4,4,4,4 (کمتر از ماهانه یا هرگز),4,4,3 - ماهانه,3,2,2,2,2,2,2,2,2,2,2,2,2,2,2,2,4,3,3,2,3,4,3,2,3,3,4,2,4.,3,4,5,5,۵,7,5,۳,9,3,9,10,8,7,5,2,2
1,2,2.,4,3,3,2,2,2,1,2,2,2,2,2,2,3,3,3,3,2,5,3,3,3.,3,3,3,3,3,2,2,2,2,1,2,4,6,5,2,2,2,3,3,3,2,2,3,۲,3,3,3,4,4,3,3,3,3,۳,2,3,2,3,3,4,3,3,3,4,4,3,3,2,3,3,3,3,5,2,1. واشنگتن دی سی,2,0,0,0,0,0,0,0,0,2,2,2,5,5,7,5,8,1,6,4,2,3,2,2,3,3,7,4,2,2,1,2,1,1,1,1,2. بگذارید مردم تا زمانی که مشاغل موجود باشد بیایند.,3,3,2 (کاملاً مکرر),3,2,3,3,3,2,2,2,4,2,2,2,۱,3,2,1,1,1,3. با دیدن اینکه مردم در مورد چگونگی انجام کارها در مشاغل و جوامع خود حرف بیشتری می زنند.,2.,4,4,2. پیشرفت به سمت جامعه ای کمتر غیر شخصی و انسانی تر,2,8,8,5,5,5,7,4,1,1,2,1,3,4,3,5.,2,2,2,5,5,5,5,5,5,5,5,5,5,5,5,5,4,3,3,۲,5,5,5,3,3,4,3,2,1,2. هفتگی,4,4 (کمتر از ماهانه یا هرگز),4 (کمتر از ماهانه یا هرگز),4,4,4,2,2,2,2,2,2,2,2,2,2,2,2,2,2,3,3,4,3,2,3,2,3,3,2,3,3,4,2,3,2.,4,5,5,۶,9,۵,5,8,4,8,9,7,8,5,2,3
2,2,2,2,2,4,2,2,2,۲,2,2,2,2,1,2,3,3,3,3,2,5,3,3,3,3,3,3,3,3,2,2,2,2,2,3,5,7,5,2,3,2,2,3,3,2,3,2,3,2,2,2,4,4,3,2,3,3,3,4,3,3,3,2,3,2,3,3,3,2,3,3,3,۲,3,3,3,5,2,1. واشنگتن دی سی.,2. حقوق بشر.,0,0,0,0,0,0,0,0,0,2,2,5,5,5,5,5,1,7,3,2,3,2,2,3,4,7,3,2,1,0,1.5,1,1,1,1,2,2,2,2,3,2,3,2,3,2,2,2,4,2,2,2,2,۳,3,1,2,1,3,3,4,4,2,2,9,۹,5,7,5,۷ - جهان به دلیل علم و فناوری پیشرفت کرده و امکانات بهبود یافته اند، اما هنوز چالش های بسیاری وجود دارد که باید بر آن ها کار کرد.,7,1,1,2,1,3,4,5,3,2,2,2,5,5.,5,5,5,5,5,5,5,5,5,5,5,4,5.,4,3.,5,5,5,3,4,4,3,2,1,4,4,4,4,4,4,4,2,2,2,2,2,2,2,2,2,2,2,2,2,2,3,3,4,2,4,3,2,3,2,2,3,3,2,2,3,2,4,5,5,۳,7,3,5,9,6,8,8,7,7,5,2,3
1,2,2,3,3,3,2.,2,2,2,2,2,2,2,2,2,3,3,3,3,2,5,3,3,3,3,3,3,3,3,2,2,2,2,3,3,5,7,5,2,3,2,2,2,3,2,2,3,2,2,2,3,4,4,3,3,3,3,3,3,3,3,3,3,3,3,3,3,3,4,3,4,2,3,3,4,2,5,2,1. واشنگتن دی سی,2,2,0,0,0,0,0,0,0,0,0,2,5,5,5,5,5,1,8,3,3,3,3,3,3,3,6,4,2,2,1,2,1,1,1,1,2. بگذارید مردم تا زمانی که مشاغل موجود باشد بیایند.,3,3,3,3,3,4,2,3,2,2,2,4,2,۲,2,3,3,3,1,1,1,2,3,4,2,2,2,9,9,5,5,5,7.,5,1,1,2,1,3,4,5,8,3. یک ملحد,2,2,5,5,5,5,5,5,5,5,5,4,6,5,5,5,2.,۲,5,5,5,5,3,4,3,2,2,1,۵ - هرگز,3 (ماهانه),4,4 - کمتر از ماهانه یا هرگز (معمولاً اطلاعات روزانه را به صورت دیگری می یابم),4,4 (کمتر از ماهانه یا هرگز),3,2,3,2,2,2,2,2,2,1,2,2,2,2,2,2,3,4,2,2,۳,2,3,3,3,3,3,4,2,3,2,4,5,5,5,9,3,5,8,5,8,10,8,7,5,3,3
2,2,2,2,3,2,2,2,2,2,2,2,2,2,2,2,2,3,3,3,2,5,3,3,3,3,3,3,3,3,2,2,2,2,3,3,8,7,5,4,3,2,2,2,3,2,2,3,2,3,2,3,4,4,3,3,3,3,2,3,3,3,3. خیلی زیاد نیست.,۳,4,3,3,2,3. خیلی زیاد نیست.,3,4,3,3,3,3,3,3,6,2,1. واشنگتن دی سی.,2,1,0,2,0,0,0,2,0,0,0,2,5,5,5,5,5 - برای من ، کار سخت زندگی بهبود می بخشد ، اما همیشه به موفقیت منجر نمی شود و عوامل دیگری مانند شانس و ارتباطات نیز نقش مهمی در این مسئله دارند.,1,7,3,2,3,2,3,3,3,7,3,2,2,1,2,1,1,1,1,2,3,3,2,4,2,2,3,2,1,۱,2,4,2,2,2,2,2,3,1,1,1,3,3,4,2.,3,2,8,8,7,5,5,5,5,1,1,2,1,3,4,5,4,2. شخص مذهبی نیست.,2,2,5,5,5,5,5,5,5,5,5,5,۵,5.,5,2.,3,3,5,5,7,5,2,4,4,3,2,2,3,4,4,4,4,4,3 (ماهانه),2,2,2,2,2,2,2,2,2,2,2,2,2,4,2,2,4,2,2,3,3,3,2,2,3,3,4,2,2,2,4,5,6,۶,7,4,5,۹,5,8.,10,7,7,5,3,3
2,1,3,3,2,3,2,2,2,2,2,2,2,2,2,2,3,4,3,3. مخالف.,3,5,3,3,3,3.,3.,3,3,3,2,2,2,2,2,3,5,7,5,3,2,2,2,3,3,2,2,3,2,3,3,3,3,3,3,4,3,3,3. خیلی زیاد نیست.,3,4,3,3,3,3,3,3,3,3,2,3,4,3,3,3,4,3,5,2. چین.,1. واشنگتن دی سی,1. تغییرات آب و هوا,0,0,0,0,0,0,2,0,0,0,2,5,6,5.,5,5,1,7,3,3,3,2,3,3,3,6,3,1,2,1,2,1,1,1,1,2. بگذارید مردم تا زمانی که مشاغل موجود باشد بیایند.,3,4,3,3,3,2,3,2,2,2,2,4,4,2,2,3,2,2,1,1,1,2.,1.,4,2.,2. پیشرفت به سمت جامعه ای کمتر غیر شخصی و انسانی تر,2. پیشرفت به سمت جامعه ای کمتر غیر شخصی و انسانی تر.,8,8,5,5,5,8,5,1,1,2,1,3,3.,2,6,2,2,2,7,5,5,5,5,4,5,6,5,5,5,5,7,5,2,4,۳,5,5,5,3,4,4,3,2,2 (هفتگی),3,4,4,4 (کمتر از ماهانه یا هرگز),4,4 (کمتر از ماهانه یا هرگز),4 (کمتر از ماهانه یا هرگز),2,2 (ممکن است این کار را انجام دهد),2,2,2,3. هرگز این کار را نمی کند.,2,2,2,2,2,2,2,2,3,2,2,2,2,3,3,2,3,3,3,3,4,2,3,2,4,5,4,6.,۹,5,5,9,5,8,10,7,7,5,2,2
1,2,2,2,2,3,2,2,2,2,2,2,2,2,2,2. موافق.,3,3,3. مخالف.,3,2,5,3,5,3,3,3,3,3,3,2,2,2,3,2,3,۶,7,7,3,3,2,2,3,3,2,2,3,3,2,3,2,2,4,3,2,4,3,3,3,3,4,3,2,4,3,2,3,3,2,3,3,3,3,3,4,3,6.,2,1. واشنگتن دی سی,2. حقوق بشر.,0,0,2,0,0,0,0,0,2,0,2,5,5,5,4,5,1,5,3,2,3,2,3,3,3,7,4,2,2,1.,2,1,1,1,1,2. بگذارید مردم تا زمانی که مشاغل موجود باشد بیایند.,2,2,3,3,3,3,2,2,1,۲,2,4,2,2,2,2,3,2,1,1,1,3,2,4. محافظت از آزادی بیان,2. دادن بیشتر به مردم در تصمیمات مهم دولت,2,2,9,8,5,7,5,7,5,1,1,2,1,3,4,5,4,2,2,2,5,5,۸,3,3,3,5,5,5,5,5,5,5,5,3,5,5,5,5.,5,3,4,3,3,۳,1,4,4,4 (کمتر از ماهانه یا هرگز),4,4,4,2,2,2,2,2,2,2. ممکن است این کار را انجام دهم.,2,2,2,2,2,2,2,2,2,2,4,3,3,4,4,2,2,3,3,3,4,2,3,2,4,5,4,5,7.,3,5,9,5,8,10,7,7,5,3,2
2,2,2,3,2,3,2,2,2,2,2,2,2,2,2,2,3,3,3,3,2,5,3,5,3,3,3,3,3,3,2,2,2,2,3,3,5,6,5,2,3,3,2,2,3,2,2,2,3,2,3,3,4,4,3,3,3,3,3. خیلی زیاد نیست,3,4,4,3,3,3,3,3,4,3,3,2,3,3,3,2,3,3,4,2,1. واشنگتن دی سی,1,0,0,2,0,0,0,0,0,0,0,2,5,5,5,5,5,1,7,3,3,3,2. تعداد کمی از آنها.,3,3,3,6,3,2,2,1,1,1,1,1,1,2. بگذارید مردم تا زمانی که مشاغل موجود باشد بیایند.,3,3,3,2,3,3,۲,3,2,2,2,4,2,۲,2,2,3,2,1,1,1,2,4,4,4,2. پیشرفت به سمت جامعه ای کمتر غیر شخصی و انسانی تر,2,7,9,5,6,5,7,5,1,1,۲,1,3,4,5,5,1. یک فرد مذهبی,2,2,5,5,5,5,5,5,5,5,5,5,5,5,5,4,3,5,5,5,5,5,3,4,4,3,2,1,4,4,4 (کمتر از ماهانه یا هرگز),4,4,4,4,2,2,2,2,2,2,2,2,2,2,2,2,2,2,3,3,4,2,3,3,3,3,3,3,3,2,4,2,3,2,4,5,3,۵,9,5,5,9,4,۸,9,7,6,5,3,2
1,2,3,3,2,3,2,2,2,2,2,2,2,2,2,2,3,3,3,3,2,3,3,3,3,3,3,3,3,3,2,2,2,2,3,3,5,5,5,2,2,2,2,4,3,2,3,2,۳,3,3,2,3,4,3,3,4,۲,3,3,3,3,3,3,3,3,3,3,2 - کاملاً زیاد.,4,3,3,3,3,3,3,2,5,2,1. واشنگتن دی سی,1,2,0,0,0,0,0,0,0,1,2,2,5,5,5,5,5,1,6,3,3,2,3,3,3,3,7,3,2,2,1,1,1,1,1,1,2. بگذارید مردم تا زمانی که مشاغل موجود باشد بیایند.,3,3,3,3,2,3,3,2,2,1,2,4,3,2,2,2,2,2,1,1,1,2,2,4,2,2,2,7,8,5,5,5,6,5.,1,1,2,1,3. مخالف,4,5,4,2.,2,2,5,5,۷,5,5,4,۸,5,5,5,5,5,5,3,5,5,5,5,5,5.,3,4,4,2,2,2,4. کمتر از ماهانه یا هرگز.,3,4,4,4,4,4 - کمتر از ماهانه یا هرگز استفاده نمی کنم.,2,2,2,2,2,2,2,2,2,2,2,2,2,2,2,2,2,2,3,3,3,4,3,2,3,3,4,2,2,2,4,5,5,7,8,3,4,8,۴,8,10,8,6,5,3,3
2,2,2,2,2,3,2,1,2,2,2,2,2,2,1,2,3,3,3,3,2,5,3,3,3,3,3,3,2,3,2,2,2,2,3,3,5,7,7,2,2,2,3,4,3,2,2,3.,3,3,2,3,4,4,3,3,3,3,3,۳,3,3,3,3. خیلی زیاد نیست.,3,3,3,3,3,3,4,3,3,3,3,4,4,4,2,1. واشنگتن دی سی,2. حقوق بشر.,0,0,0,0,0,0,0,0,0,0,2,5,5,5,5,7.,1,7,4,3,3,2,3,3,3,6,4,2,2,1,1,1,1,1,1,2,3,3,4.,3,3,3,3,2,2,2,2,4,3,2,2,2,2,3,1,1,1,3,2,4,4,2. پیشرفت به سمت جامعه ای کمتر غیرشخصی و انسانی تر,2,۸,8,5,7,5,7,5,1,1,2,2,3,4,4,4,2. شخص مذهبی نیست.,2,2,5,5,4,5,3,5,5,5,5,5,5,5,5,5,3,5,3.,5,5,5,3,3,4,2,2,2,4,4,4,4,4,4,2,۲,2,2,2,2,2,2,2,2,2,2,2,2,2,2,3,4,2,3,2,3,2,4,2,2,3,4,2,3,2,4,5,5,۶,8,4,4,9,7,7,10,6,5,5,2,2
1,2,2,2,2,3,2,2,2,2,2,2,2,2,2,2,2,3,3,3,2,5,3,3,3,3,3,3,3,3,2,2,2,2,3,3.,5,6,5,2,3,3,2,2,3,1,3,3.,2,3,2,2,3,4,3,3,2,4,4,3,4,3,3,3,4,3,3,3,3,2,3,3,3,3,3,3,2,8,2,1. واشنگتن دی سی,2. حقوق بشر,0,0,0,0,0,0,0,0,0,0,0,6,5,7,5,5,1,7,4,3,3,2,2,3,3,7,3,2,2,1,2,1,1,1,1,2,3,3,3,2,2,3,3,2,2,۲,2,4,3,2,2,۲,3,3,1,1.,1,2,4,4,2,2. پیشرفت به سمت جامعه ای کمتر غیر شخصی و انسانی تر,2. پیشرفت به سمت جامعه ای کمتر غیر شخصی و انسانی تر,7,8,5,7.,5,7,5,1,1,1,1,3,4,3,6,1. یک فرد مذهبی.,2,2,5,5,6,3,5,5,5,5,5,5,5,5,5,3,3,3,5,5,5,5,2,4,3,3,2,1,4,3,4 - کمتر از ماهانه یا هرگز (چون من منبعی همچون تلفن همراه در اختیار ندارم),4,4,4,4 (کمتر از ماهانه یا هرگز),3,2,2,2,2,2,۲,2,2,2,2,2,2,2,2,2,3,3,۴,3,3,3,4,2,3,3,4,2,2,2,4,5,6,5,8,4,5,8,5,9,10,7,6,5,2,3
2,1,2,2,2,3 (خیلی مهم نیست),2,2,2,2,2,2,2,2,2,2,3,3. مخالف.,3,4,2,5,3,3,3,3,3,3,3,3.,2,2,2,2,3,3,5,7,5,1,2,2,2,4,3,2,2,2,2,2,2,2,3,4,3,3,3,3,3,3,3,2,3,3,4,3 (خیلی زیاد نیست),4,3,3,3,3,3,3,3,3,3,2,5,2,1,2. حقوق بشر.,0,0,0,1,0,0,0,0,0,2,2,5,5,5,5,5,1,7,3. بیشتر آنها,3,3,2,2,3,3,7,3,2,۲,1,2,1,1,0,1,2.,3,2,3,2,3,2,3,3,2,۲,2,3,3,۲,2,2,2,2,1,1,1,4. تلاش برای زیباتر شدن شهرها و حومه شهر,4,4,2,2. پیشرفت به سمت جامعه ای کمتر غیر شخصی و انسانی تر,2. پیشرفت به سمت جامعه ای کمتر غیر شخصی و انسانی تر,7,۹,5,7,5,۷,5,1,1,2,1,3,4,3,4,2. شخص مذهبی نیست.,2,2,۵,5,5,5,5,5,5,5,5,5,5,4,5,3,3,5,5,5,5,5,3,4,4,2,2,2,2. هفتگی,3,4,4,4,4,4,2,2,2,2,2,2,2,2,2,2,2,2,2,2,2,2,4,3,3,2,2,3,2,2,3,3,4,2,3,2,4,5,5,4,9,۵,5,9,5,8,10,7,7,5,3,3
2,2,2,3,2,3,2,2,2,2,2,2,2,2,2,2,2,3.,3,3. مخالف.,3,5,3,5,3,3,3,3,3,3,2,2,2,2,2,3,5,7,5,3,2,3,3,2,3,1,3,2,3.,2,3,2,3,2,4,3. خیلی زیاد نیست.,3,۲ (کاملاً زیاد),2. کاملاً زیاد.,2,4,4,3,4,4,3,3,3,3,3,3,3,3,3,3,4,3,6,2,1. واشنگتن دی سی.,1,0,0,0,0,0,0,0,0,0,0,2,4,5,5,5,5,1,6,3,3,3,2,3,3,3,7,4,1,2,1,2,1,1,1,1,2,3,2,3,2,2,3,2,3,۲,2,2,4,3,۲,۲,3,3,3,1,1,1,3,1.,4. محافظت از آزادی بیان.,2,2. پیشرفت به سمت جامعه ای کمتر غیر شخصی و انسانی تر,2,8,۸,5,8,5,7,5,1,1,2,1,3 - مخالف,4,4,4,2. شخص مذهبی نیست,2,2,5,5,5,4,5,5,5.,5,5,5,5,5,5,3,2,5,5,5,5,5,2,4,4,2,2,2,4,4,4,4,4,4,2,2,2,2,2,2,2,2,2,2,2,2,2,2,2,2,2,3,3,3,3,2,2,3,2,3,3,4,2,3,2,4,5,5,4.,9,3,5,8,5,8,10,7,7,5,2,۱
2,3,2,3,2,3,2,2,2,2,2,2,2,2,2,2,3,3,3,3,2,5,3,3,3,3,3,3,3,3,2,2,3,2,2,3,5,7,5,2,2,2,3,2,3,1,2,3,3,3,2,2,3,4,3,3,3,3,4,3,۳,3,3,3,3,3,3,3,3. خیلی زیاد نیست.,2,3,3,3,3,3,3,4. اصلاً هیچ یک نیست.,5,2,1. واشنگتن دی سی,2. حقوق بشر,0,0,0,0,0,0,0,2,0,0,2,5,5,5,5,5,1,5.,۳,3,3,3,3,3,3,7,3,1,2,2,1,1,1,1,1,2. بگذارید مردم تا زمانی که مشاغل موجود باشد بیایند.,3,2,2,1,2,3,3,3,2,2,2,4,۲,۲,2,3,2,3,1,1,1,3,3. با دیدن اینکه مردم در مورد چگونگی انجام کارها در مشاغل و جوامع خود حرف بیشتری می زنند.,4,4,2,2,8,9,5,6,5,7,5,1,1,2,1,3,4,4,3,2. شخص مذهبی نیست,2,2,3,5,۸.,5,5,5,5,5,5,5,5,3,5,4,4,5,5,5,5,5,3,4,4,3,2,1,4,4,4,4,4,4,4 (کمتر از ماهانه یا هرگز),2,2,2,2,2,2,2,2,2,2,2,2,4,2,2,2,3,4,3,3,3,2,2,4,3,4,4,3,3,2,3,5,6,۲,8,3,5,۹,5,8,10,9,7,5,2,3
1,1,3,2,2,3,2,2,2,2,2,2,2,2,۲,2,2,3. مخالف.,3 - مخالف.,3,2,5,3,3,3,3,3,3,3,3,2,2,2,2,3,3,5,7,7,2,3,2,3,3,3,2,3,3.,2,2,2,2,3,3,2,2,4,3,2,3,4,2,3,3,2,3,3,3,3,3,2,3,3,3,2,4,4,4,2,1. واشنگتن دی سی,2. حقوق بشر.,0,0,0,0,0,0,0,0,2,2,2,5,5,5,5,4,1,5,4,3,3,2,3,3,3,6,3,1,1,1,2,1,1,1,1,2,2.,3,3,3,3,3,3,3,2,2,2,4,2,2,1,3,3,3,1,1.,1,2,3,4. محافظت از آزادی بیان,4. محافظت از آزادی بیان.,2,2. پیشرفت به سمت جامعه ای کمتر غیر شخصی و انسانی تر.,7,8,5,7,5,7,5,1,1,2,1,3,4,4,5,2,2,2,5,5,4,5,5,۳,5,5,5,5,5,4,5,3,5,5,5,5,5,5,3,4,3,2,۳,2 (هفتگی),4,2,4. کمتر از ماهانه یا هرگز.,4,4,4 (کمتر از ماهانه یا هرگز),4. کمتر از ماهانه یا هرگز.,2,2,2,2,2,2,2,2,2,2,2,2,2,2,3,2,4,2,3,2,3,3,2,2,3,3,4,2,3,2. نسبتاً خوب.,4.,5,4,۷,8,۴,۳,9,5,9,10,7,7,5,3,2
1,2,2,2,3,3,2,2,2,2,2,2,2,2,2,2,3,4,3,3,2,3,3,3,3,3,3,3,3,3,2,2,2,2.,2,2.,6,8,5,2,2.,2,3,3,3,2,2,2,2,2,2,3,3,4,4,3,3,3. خیلی زیاد نیست.,2,3. خیلی زیاد نیست.,3,4,3,3,2,3,3,4,3,1,3,3,3,3,3. خیلی زیاد نیست.,3,3,4,2. چین,1. واشنگتن دی سی,1,0,2,0,0,0,0,2,0,0,0,2,4,5,5,5,5,1,5,3,3,3,2,3,3,3,5,4,2,2,1,2,1,2,1,1,2. بگذارید مردم تا زمانی که مشاغل موجود باشد بیایند.,3,2,2,3.,3,3,3,2,2,2,2,2,3,2,2,2,3.,2,1.,1.,1,3,3,4,2,2,2,8,8,۷,۷,5,8,5,۲. نه,1,2,2,3. (مخالف),4,4,5,2,2,2,5,5,۸,5,5,5,5,5,5,5,5,5,5,3,2,5,4,5,5,5,3,3,3,2,3,2,4,4,4,4 (کمتر از ماهانه یا هرگز),4,4 (کمتر از ماهانه یا هرگز),4,2,2,2,2,2,2,2,2,2,2,2,2,2,2,3,3,۴,2,3,4,3,3,3,2,3,3,4,2,2,3,4,5,5,7,9,۴.,6,9,5,7,10.,7,7,5,2.,3
1,1,2,3,2,3,2,2,2,2,2,2,2,2,2,2,3,3,3,3,2,5,3,5,3,2,3.,3,2,3,2,2,2,2,2,۳,5,7,5,2,2,2,2,3,3,1,2,2,2,2,3.,2,3,4,3,3,3,3,3,3,3. خیلی زیاد نیست.,3,3,3,2,3,3,3,4,4,3,3,3,3,3,2,3,4,2,1. واشنگتن دی سی,1. تغییرات آب و هوا.,1,0,0,0,0,0,0,2,0,0,2,5,5,5,7,5,1,7,3,2,3,3,2,3,3,۸,3,2,2,1,2,1,1,1,1,2,3,3,3,3,2,2,2,3,1,2,۲,4,2,2,1,3,3,2,1,1,۲,4,3,4,2,2,2,8,8,6,6,5,7,5,1,1,2,1,3,4,4,4.,1. یک فرد مذهبی.,2,2,5,5,5,5,5,5,5,5,5,5,5,5,5,5,3,5,1,5,5,5,2,4,3,3,2,1,4,3,4,4,4,4. (کمتر از ماهانه یا هرگز),4,2,2,2,2,2,2,2,2,2,2,2,2,2,2,3,2,4,2,2,2,3,3,2,2,3,3,4,2,3,2,3,5,6,5,9,5,5,۹.,5,8,10,8,7,5,2,2
1,2,2,3,2,3,2,2,2,2,2,2,2,2,2,1,3,3,3 (مخالف),3,2,5,3,3,3,3,3,3,3,3,2,1,2,2.,2,4,8.,7,5,2,2,3,3,2,3,1,3,2,3,2,3.,3,4,4,3,3,3,3,۳,3. خیلی زیاد نیست.,3,3,3,3,3,3,4,2,3,4,4. اصلاً هیچ یک نیست.,3,4,3,3,3,3,4,2. چین,3. ژنو.,2. حقوق بشر.,0,0,2,0,0,0,0,0,0,0,2,5,5,7,5,5,1,5,4,3,3,2,2,2,3,6.,4,2,2,1,2,۰,1,1,1,2,3,3,3,3,3,3,2,3,۱,1,2,4.,۳,2,2,2,2,2,1,1,1,3,2,4,4,2,2,9,8,5,5,6,5,5,1,1,2,1,3,4,4,6,2. شخص مذهبی نیست,2,2,5,5,۶,5,5,5,5,5,5,5,5,5,5,5,3,3,5,5,5,5,2,4,3,2,2,1,4,4 (کمتر از ماهانه یا هرگز),4,4,4,4 (کمتر از ماهانه یا هرگز),3,2,2 (ممکن است این کار را انجام دهد),2,2,2,2,2,2,2,2,2,2,2,۲ (معمولاً),2,2,4,3,3,3,2,3,4,2,3,3,4,2,2,2,4,5,5,۶,8,3,5,۹,5,8,10,8,7,5,3,2
2,2,2,3,3,3,2,۲,2,2,2,۲,۱,2,2,2,3,3,3,3,2,5,2,3,3,3,3,3,3,3,2,2,2,2,3,3,5,6,6,2,2,2,3,3,3,1,2,3,2,2,3,2,4,3,3,3. خیلی زیاد نیست.,3,3,3,3,3,4,3,3. خیلی زیاد نیست.,3,3,3,3,3,3,3,۳,3,3,3,3,3,4,2,۱. واشنگتن دی سی,2. حقوق بشر.,0,0,0,0,0,0,2,0,0,0,2,5,5,5,7,5,1,7,3,3,3,3,3,3,3,7,4,2,2,1,1,1,1,1,1,2,3,2,به عنوان یک هوش مصنوعی، من نمی توانم به صورت تجربی به این سؤال پاسخ دهم. در هر صورت، مصرف الکل در محله ها ممکن است بسته به منطقه و شهر متفاوت باشد.,2,3,3,2,3,1,1,2,3,2,2,2,2.,3,2,1,1,1,4,3. با دیدن اینکه مردم در مورد چگونگی انجام کارها در مشاغل و جوامع خود حرف بیشتری می زنند.,4,2,2. پیشرفت به سمت جامعه ای کمتر غیر شخصی و انسانی تر,2,7,7,5,8,5,7,5,1,1,2,1,3,4,3,2,2,2,2,5,5,5,5,5,3,5,5,5,5,5,5,5,5,3,5,5,5,5,5,3,4,3,3.,3,1,4,4,4,4 (کمتر از ماهانه یا هرگز),4,4,4,2,3,2,2,2,2,2,2,2,2,2,2,2,2,2,2,4,۳,3,2,3,2,2,2,3,3,3,2,2,2,4,5,6,۶,۸,4,5,9,5,8,8,۸,5,5,2,3
2,1,2,3,2,3,2,2,2,2,2,2,2,2,2,2,3,3,3,3,1,5,3,3,3,3,3,3. نه موافق و نه مخالف.,3,3,2,2,2,1,3,3,5,7,5,2,2,2,2,2,3,2,2,2,3,2,2,3,3,۲,3,3,3,3,3,3,3,3,3,3,3,3,3,4,4,2,3,3,3,3,3,3,3,5,2,1. واشنگتن دی سی.,2. حقوق بشر.,0,0,2,0,0,0,2,0,0,0,2,5,5.,5,5,8,1,7,4,2,3,2,3,3,3,7,4,2,2,1,2,1,1,1,1,2,2,2,4,3,3,2,2,3,2,1,2,4,2,2,2,3,2,2,1,1,1,2.,2,4,2,2,2. پیشرفت به سمت جامعه ای کمتر غیر شخصی و انسانی تر,8,8,5,۶,3,7,5,1,1,2,2,3,4,5,4.,2. شخص مذهبی نیست.,2,2,5,5,5,4,5,3,5,5,5,5,5,5,5,5,3,3,5,5,5,5,3,4,4,2,2,1,3,4,4,4,4,2,2,2,2,2,2,2,2,2,2,2,2,2,2,2,2,3,3,4,2,3,3,3.,3,4,4,3,3,4,2,3,2,3,5,4,4,8,۵,5,9,5,8,9,7,6,5,3,2
1,2,2,2,2,3,2,1,2,2,2,2,2,2,2,2,3,3,3,3,3. مخالف.,5,3,3,3,3,3,3,3,2. موافق.,2,2,2,2,3,3,5,7,5,2,2,2,2,2,3,2,2,3,2,2,3,2,3,4,4 (اصلاً هیچ یک نیست),3,۱,۴,3. خیلی زیاد نیست.,3,3,4,3,2,3,3,3,3,۲,4,4. اصلاً هیچ یک نیست.,3,3,3. (خیلی زیاد نیست),3,3,3,5,2,1. واشنگتن دی سی.,2. حقوق بشر.,0,0,0,0,0,0,0,0,0,0,2,5,8,6,5,5,1,5,4,3,3,2,3,3,3,6,4,2,2,1,2,1,1,1,1,2,3,3,3,3,2,3,3,2,2,2,2,4,3,2,2,2,3,2,1,1,1,2.,4,4. محافظت از آزادی بیان.,2. دادن بیشتر به مردم در تصمیمات مهم دولت,2,2,8.,8,5,7,5,7,5,1,1,2,1,3,4,5,4,2. شخص مذهبی نیست,2,2,5,5,5,5,5,5,5,5.,5,5,5,2,5.,5,4,5,5,5,5,5,2,4,4,2,2,3,4,3. ماهانه.,4,4,4,4 (کمتر از ماهانه یا هرگز),4,2,2,2,2,۲,2,2,2,1,2,2,2,2,2,2,2,4,2,3,2,2,2,2,4,3,3,4,2,3,3,4,5,4,5,9,4,5,10,5,8,10,8,7,5,2,3
1,2,3,3,2,4,2,2,2,2,2,2,2,2,۲,2,3,3,3,3,2,5,3,3,3,3,3,3,3,3,2,2,2,2,2,3,5,7,7,2,3,3,2,1,3,2,2,3,3,3,2,2,3,4,3,3,3,3,3,2,4,۳,3,3,2,3,3,3,3,3,3,2,3,3,3,3,3,5,2,1,2,0,0,0,0,0,0,2,2,0,0,2,5,5,5,5,5,1,6,3,3,3,2,3,3,3,7,3.,2,2,1,2,1,1,1,1,2,3,3,3,2,2,3,2,3,2,2,2,4,2,2,2,2,4,3.,1,1,1,3.,2.,4,2,2,2,8,7,6.,7,5,7,5,1,1,2,۲,3,4.,7,7,2,2,2,6,5,5,5,5,5,5,5,5,5,5,5,6,2,3.,5,5,5,5,5,3,4,3,3,2,1,4,4 (کمتر از ماهانه یا هرگز),4,4,4,4,2,2,2,2,2,2,2,2,2,2,2,2,2,2,2,2,3,4,2,4,2,2,3,3,2,3,3,4,2,3,2,4,5,5,۶,9,5,4,9,6,8.,10,8,7,5,2,3
2,2,2,3,2,4,2,1,2,2,2,2,2,2,1,2,3,3. مخالف.,3. مخالف.,3,2,5,3,5,3,3,3,3. نه موافق و نه مخالف.,3,3,2,2,2,2,3,3,7,6,6,2,2,2,3,2,3,2,3,2,2,3,2,3,4,4,3,3,3,4,3,3,3,3,3,3,3,3,3,3,3,3,3,3,3,3,3,3,2,5,2,1. واشنگتن دی سی,1. تغییرات آب و هوا.,0,0,0,0,0,0,0,0,0,2,2,5,5,5,5,5,1,6,3,2,3,2,2,3,3.,7,4,2,2,1,2,1,1,1,1,2,2,3,2,3,3,3,2,3,2,1,2,4,3,2,2,2,3,3,1,1,1,3,4,4,2,2,2,8,8,6,5,5,7,5,1,1,2,1,3,4,4,5,2,2,2,5,5,7,3,5,5,۸,5,5,4,۴,5,5,5,2,5,5,5,5,5,3.,4,4,2,2,1,4,4,4,4,4 (کمتر از ماهانه یا هرگز),4,2,2,2,2,2,2,2,2,2,2,2,2,2,2,2,2,2,4,3,3,3,3,3,2,2,3,3,4,2,3,2,4,5,۶,5,8,5,5,9,5,9,10,9,7,5,2,3
2,2,3,3,3,3,2,1,2,2,2,2,2,2,۲,2,3,4,3,3,2,5,3,3,3,3,3,3,3,3,2,2,2,2,2,2,6,5,6,2,2,3,2,2,3,2,2,3,2,2,3,2,4,4,3,3,3,3. خیلی زیاد نیست.,3,۳,3,3,4 (اصلاً هیچ یک نیست),3,3,3,3,3,3,3,3,3,3,3,2,3,3,5,2,3. ژنو,2,0,0,0,0,0,0,0,0,0,0,2,5,5,5,5,5,1,5,3,2,3,2,3,3,3,7,3,2,2,1,2,1,1,1,1,2. بگذارید مردم تا زمانی که مشاغل موجود باشد بیایند.,3,3,3,2,3,3,3,3,۱,2,2,4,3,2,2,3,3,۳,1,1,1,3,2,4,2,2,2,8,۹,5.,7,5,6,5,1,1,2,1,3,3.,6,2,2,2,۲,5,5,5,5,4.,5,5,5,5,5,5,5,5,5,5,5,5,5,5,5,3,4,4,3,2.,2,4,4,4,4,4,4,3 (ماهانه),2,2,2,2,۲,2,2,2,1,2,2,2,2,2,4,3,2,2,3,3,4,3,2,2,2,3,4,2,4,2,4,5,4,4,8,3,5,9,4,9,10,5,5,5,2,2
1,2,2,2,3,3,2,2,2,2,2,2,2,2,2,2,3,3,3,3,2,5,3,3,3,3,3,3,3,3,2,2,2,3,2,3,5,6,5,2,2.,2,2,2,3,2,2,3,3,2,2,2,4,4,3,3,3,3,3,3,3,3,3,3,3,3,4,۳.خیلی زیاد نیست.,3. خیلی زیاد نیست.,3,3,3,3,3. خیلی زیاد نیست.,3,4,2,5,2. چین.,1. واشنگتن دی سی.,2. حقوق بشر,0,0,0,0,0,0,0,2,0,2,2,5,5,4,5,5,1,7,3,3,3,2,2,3,3,8,4,2,2,0,2,1,1,1,1,2,3,2,3,3,3,3,2,2,2,1,2,4,3,2,2,2,3,۳,1,1,1,4,4,4,2,2,2,8,8,6,7,5,5,3,1,1,2,1,3,3,3,4,1,2,2,7,5,5,4,5,۴,5,5,5,5,5,3,5,1,3,5,4,5,5,4,3,4,3,2,2,1,4,3 (ماهانه),4,4,4,4,2,2,2,2,2,2,2,2,2,2,2,2,2,۲,4.,3,4,4,2,2,3,3,2,2,2,3,3,4,2,3,2,4,5,5,5,8,۵,5,9,5,۸,9,8,7,5,2,3
1,2,2,2,3,3,2,2,2,2,2,2,2,۲,2,2,3,4,3,3,2,5,3,3,2,3,3,3,3,3,2,2,2,2,2,3,5,5,5,2,2,2,2,4,3,2,2,3,2,2,3.,3,3,3,3,3,4,3,2,3,3,2,3,2. کاملاً زیاد.,3,3,3,۳ (خیلی زیاد نیست),3,4,3,3,4,3,3,3,4,4,2,1. واشنگتن دی سی,1. تغییرات آب و هوا.,0,0,0,0,0,0,0,2,0,2,2,4,5,5,5,5,2,6,3,2,3,2,3,3. اغلب.,3,7,3,2,2,1,2,1,1,1,1,2,2,2,3,3.,2,3,3,3,2,2,2,4,3,۲,2,3,2.,2,1,1,1,2,3,4,2,2,2. پیشرفت به سمت جامعه ای کمتر غیر شخصی و انسانی تر,8,8,5,7,5,8.,5,1,1,2,۲,3,4,3,4.,2,2,2,7,5,4,5,5,5,5,5,5,5,5,5,5,5,1,5,5,5,5,5,3,3,4,2,2.,4,3,4,4,4,4,4,4,2,3,2,2,2,2,2,2,1,2,2,2,2,2,2,3,3,3,3,3,3,2,2,3,3,3,4,2,3,3,4,5,6.,۶,9,3,4,9,5,7,10,7,6,5,2,3
2,2.,2,3,2,2,2,2,2,2,2,2,2,2,2,2,3,3,3,3,3,3,3,5,3,3,3,3,3,3,2. جامعه ما باید به تدریج با اصلاحات بهبود یابد.,2,2,2,3,3,7,7,6,3,2,2,2,3,3,2,2,2,3,2,2.,3,4,3,۲ (کاملاً زیاد),3,3,3,3,3,4,3,3,2,4,3,3,3,3,3,3,3,3,3,3,3,3,5,2,1,1,0,0,0,2,0,0,0,0,2,0,2,5,5,5,5,4,2,8,3,2,3,2,3,3,3.,5,4,2,2,1,2,1,1.5,1,1,2. بگذارید مردم تا زمانی که مشاغل موجود باشد بیایند.,2,3,2,3,3,3,۴,3,2,1,1,4,2,2,۲,1,3,2,1,1,1,4,4,4,2,2,2. پیشرفت به سمت جامعه ای کمتر غیر شخصی و انسانی تر,8,8,5,7,5,8,5,1,۲,2,1,3,4,5,4,2,2,2,6,5,5,5,5,5,5,5,5,5,5,5,5,2,2,۲,5,5,3.,5.,3,4,4,3.,2,1,4 (کمتر از ماهانه یا هرگز),2,4 - کمتر از ماهانه یا هرگز (چون برای به دست آوردن اطلاعات روزانه از تلفن همراه خودم استفاده نمی کنم),4 - کمتر از ماهانه یا هرگز.,4,4,3,2,2,2,2,2,2,2,2,2,2,2,2,2,2,3,3,4,2,3,3,2,2,2,2,3,3,4,2,4,2,3,5,۶,۶,8,۵,4,9,5,۸,9,7,۷,5,2,3
1.,3,2,3,2,4,۲,2,2,2,2,2,2,2,2,2,3,3,3,3,2,5,3,3,3,3,3,3,3,3,2,2,2,2,2,3,5,5,5,2,2,2,3,3,3,1,2,3,3,3,3,3,4,4,3,3,3,3. خیلی زیاد نیست.,3. خیلی زیاد نیست.,3,3,3,3,3,3,3,3,3,3,3,3,3,3,3,3,3,2- کاملاً زیاد.,5,2,1. واشنگتن دی سی.,2. حقوق بشر.,0,0,0,2,0,0,0,0,0,2,2,5,5,5,5,5,1,7,3,3,3,2,3,3,3,7,3,2,2,1,2,1,1.5,1,1,2,2,3,3,3,3,3,3,3,1,2,2,4,2,۲,2,2,2,2,1,1,1,2.,3,4,2,2,2,9,9,5,7,5,8,5,1,1,۲,1,3,3,5,2,2. شخص مذهبی نیست.,2,2,5,5,5,5,5,5,5,5,5,5,7,5,5,5,3,5,5,5,5,5,2,4,4,2,2,1,3,4,4,4,3 (ماهانه),4,4,2,2,2,2,2,2,2,2,2,2,2,2,2,2,2,3,4,4,3,4,3,3,2,3,3,3,4,3,3,2,3,5,۶,7,10,2,3,9,3,8,10.,8,6,5,2,3
1,2,3,3,3,2,2,2,2,1,2,2,2,2,2,2,2,3.,3,3,2,5,3,3,3,3,3,3,2,3,2,2.,2,2,2,3,5,7,5,2,3,2,2,3,3,1,2,2,2,3,3,3,3,4,3,۲,4,3,۳,3,3,2,3,2,3,3,3,3,3,3,2,3,3,3,3,3,3,5,2,1. واشنگتن دی سی.,2,0,0,0,0,0,0,0,0,0,0,2,5,6,4,5,5,1,6,3,3,3,2,3,3,3,6,4,2,2,1,2,1,1,0,1,2,3,2,3,3,2,3,2,2,1,2,2,4,3,2,2,2,3,3.,1,1,1,2,2,4,4,2,2. پیشرفت به سمت جامعه ای کمتر غیر شخصی و انسانی تر,۸,8,5,7,5,5,5,1,1,۲,1,3,4,6,5,2.,2,2,5,5.,7,5,5,5,5,5,5,5,5,5.,5,4,2,5,5,5,5,5,3,4,3,3,2,1,2,4,4,4,4,4 (کمتر از ماهانه یا هرگز),4,2,2,2,2,2,2,2,2,1,2,2,2,2,2,2,2,4,2,3,3,4,3,2,2,3,3,4,2,3,2,4,5,5,۶,9,5,5,9,5,9,8,7,6,5,3,3
1,1,2,2,3,4,2,2,2,2,2,2,2,2,2,2,3,3,۴ (کاملاً مخالف),3,2,5,3,3,3,3,3,3,3,3,2,2,2,2,3,4.,6,7,5,2,2,2,2,غلبه. (1),3,2,3,3,2,2,2,2,4.,4,4,4,3,3,3,4,4,2,3,3,3,3,3,3,3,3,3,4,3,1,3,3,3,5,2. چین,3. ژنو.,2. حقوق بشر.,0,0,2,0,0,0,0,0,2,0,2,5,5,7,5,7,1,5,3,3,3,3,3,3,3,5,4,2,2,0.,2,1,1,1,1,2. بگذارید مردم تا زمانی که مشاغل موجود باشد بیایند.,3,3,3,3,3,2,3,3,2,2,2,4,2,2,2,3,3.,3,1,1,1,4,4,4,2. دادن بیشتر به مردم در تصمیمات مهم دولت,2. پیشرفت به سمت جامعه ای کمتر غیر شخصی و انسانی تر,2,7,۹,5,7,5,7,5,1,1,2,1,3,4,5,4,2. شخص مذهبی نیست,2,2,5,5,5,5,5,5,5,5,5,5,5,5,5,4,2,3,5,5,5,5,3,4,3,3,1,2,4,4,4,4,4,4,3,2,2,2,2,2,2,2,2,2,2,2,2,2,2,2,2,4,2,3,2,2,3,3,2,3,4,4,2,4,3,4,5.,5,5,9,3,5,8,4,8.,10,۹,7,5,3,3
1,2,2,2,3,3,2,2,2,2,2,2,2,2,2,2,2,3,3,3,3,5,3,3,3,3,3,3. نه موافق و نه مخالف.,3,3,2,2,2,3,3,3,7,7,5,2,2,2,3,3,3,2,2,3,2,3,2 (اعتماد به نفس),2,4,3,2,3,2,3,4,3,3,3,3,3,3,3,3,۳,3,3,3,3,3,3,3,4,3,5,2,1. واشنگتن دی سی,1,0,0,0,0,0,0,0,2,2,0,2,5,5,5,5,6,1,7,3,2,3,2,3,3,3,7,4,2,2,0,2,1,1,1,2,2,3,3,4,3,3,3,2,3,1,2,2,4,2,2,2,2,3,۳,1,1,1,2,2,4,2,3,2. پیشرفت به سمت جامعه ای کمتر غیر شخصی و انسانی تر.,7,8,6,۷,5,7,3,1,1,1,2,3,3,5,۸,2.,2,2,5,5,5,5,5,5,5,5,5,5,5,2,5,3,3,5,5,5,5,5,3,3,4,3,2,1,3,4,4,3 (ماهانه),4,4,4,2,2,2,2,2,2,2,۲,2,2,2,2,2,2,2,2,3,2,3,3,3,2,3,3,2,3,4,2,3,2,5,5,۶,4,9,4,5,9,5,9,9,7,6,5,3,3
1,1,2,3,1,3,2,2,2,2,2,2,2,2,2,2,3,3,3,3,2,5,3,3,3,3,3,3,3.,3,2,2,2,2,2,4,5,5,5,2,3,2,2,4,3,2,2,2,3,3,3,3.,3,4,3. خیلی زیاد نیست.,3,3,۲,4,3,3,3,3,3,3. خیلی زیاد نیست.,3,3,3,3,3,2,3,3,3,3,4,3,5,2,1. واشنگتن دی سی,2. حقوق بشر.,0,0,0,0,0,0,0,0,0,0,2,5,7,5,5,5,1,6,3,3,3,2,3,3,3,8,3,2,2,1,1,1,1,1,1,2. بگذارید مردم تا زمانی که مشاغل موجود باشد بیایند.,3,3,من یک سامانه هوشمند هستم و نه یک انسان. به طوری که نمی توانم به این سوال پاسخ دهم.,3,3,3,3,2,2,2,2,4,2.,2,2,2,3,2,1,1,1,2,3,4,2,2,2,۷,9,5.,5,5,5,5,1,1,1,1,3,4,5,6,2,2,2,5,5,۷.,3,5,3,5,5,5,۷,5,3,5,5,3,5,5,5,5,3,3,4,4,2,2,1,3,4. کمتر از ماهانه یا هرگز.,2,4,4,4,3,2,2,2,2,2,2,2,2,1,2,2,2,2,2,2,3,4,2,3,2,2,3,2,2,3.,2,4,2,3,2,3,5,5,5,8,5,3,9,5,8,10,7,7,5,3,3
1,2,2,2,2,3,2,2,2,2,2,2,2,2,2,2,3,3. مخالف,3,3,3,5,3,3,3,3,3,3,3,3,2,2,2,3,2,3,5,7,5,2.,2,3,2,3,3,1,2,2,2,3,3,2,4,4,3,3,3,3,3,3,3,3,3,3,3,3,3,3,3,4,2,3,3. خیلی زیاد نیست.,2,3,2,3,7,2,1. واشنگتن دی سی.,2. حقوق بشر.,0,0,0,0,0,0,2,0,0,2,2,5,5,5,5,5,1,7,3,3,3,3,3,3,3,7,4,2,2,1,2,1,1,1,1,2,2,2,3,2,2,3,3,2,2,2,1,4,2,1,2,3,3,2,1,1,1,2,3. با دیدن اینکه مردم در مورد چگونگی انجام کارها در مشاغل و جوامع خود حرف بیشتری می زنند.,4,4,2,2. پیشرفت به سمت جامعه ای کمتر غیر شخصی و انسانی تر.,8,8,5,6,5,7,6,1,1,2,1,3,4,5,4,2,2,2,۳,5,5,5,5,5,5,5,5,5,5,4,5,5,3,5,5,5,5,5,2,4,4,2,2,1,4,4,4,5,4,4,4,2,2,2,2,2,2,2,2,1,2,2,2,2,2,2,2,4,2,2,2,3,2,2,2,3,3,4,2,3,3,4,5,7,5,9,5,5,9,6,8,10,7,5,۴,2,2
2,2,2,2,2,3,2,2,2,2,2,2,2,2,2,2,3,3,3,3,2,5,2,3,3,3,3,3,3,3,2,2,2,2,2,3,5,7,5,3,2,2,3,4.,3,2,2,2,3,2,2,2,4 (اصلاً هیچ کدام نیست),3,3,3. خیلی زیاد نیست.,3,3,3,3,4,3,3,3,4,2,3,3,3,3,3,4,3,2,3,3,3,5,2,1. واشنگتن دی سی,1,0,0,0,0,0,0,2,2,0,2,2,5,5,5,5,5,1,6,3,2,3,2,3,2,3,6,3,2,2,1,1.5,1,1,1,1,2,2,۴,3,3,2,3,2,3,2,۱,2,4,2,۲,۲,2,2,3,1,1,1,2.,4,4,4,2,2,8.,9,5,6,5,7,5,1,1,2,2,3,3,4,5,3,2,2,4,5,5,5,5,3,5,5,5,5,5,3,5,۱,3,5,5,5,5,5,3,4,4,2,2,2 (هفتگی),4,4,4,4,4,4,4,2,2,2,2,2,2,۲,2,2,2,2,2,2,2,2,2,2,2,3,3,3,2,3,3,2,3,4,2,3,2,4,5,6,5,8,۵,5,8,5,8,10,7,8,5,3,2
1,2,2,3,2,3,2,2,2,2,2,2,2,2,2,2,3,3,3,3,2. موافق.,5,3,4,3,3,3,3,3,3,2,2,2,2,2,3,6,7,5,2,3,3,2,3,3,2,3,2,۲,2,2,3,4,4,4,۴,3,3,2,3,3,3,3,3,2,3,۲ - کاملاً زیاد,3,3,2,3. خیلی زیاد نیست.,3,3,4,3,3,3,5,2,1. واشنگتن دی سی,2. حقوق بشر.,0,0,0,0,0,0,2,0,0,0,2,5,5,5,4,5,1,7,4,2,2,2 - تعداد کمی از آنها (تعداد کمی از آنها ممکن است درگیر فساد باشند اما بیشتر افراد در گروه، منظم و دارای اخلاق معتبر است.),3,2,3,8,3,2,2,1,2,1,1,1,1,2. بگذارید مردم تا زمانی که مشاغل موجود باشد بیایند.,3,3,3,3,2,3.,2,3,1,1,2,4,3,2,1,۳,3,3,1,1,1,1. سطح بالایی از رشد اقتصادی.,3,4,2,2,2,7,9,5,5,5,۶,7,1,1,۲,1,3,4,5,5,1.,2,2,5,7,5,5,5,5,5,5,4,5,5,5,5,3,2,3.,5,5,5,6,3,4,3,3,2.,2. هفتگی,4,4,4 - کمتر از ماهانه یا هرگز (معمولا فقط برای مسائل ضروری استفاده می کنم),4. کمتر از ماهانه یا هرگز.,4,4,4,2,2,2,2,2,2,2,2,2,2,2,2,2,2,2,2,4,3,3,3,4,2,3,3,3,3,4.,2,3,3,4,5,4,5,8,5,5,9,5,8,10,8,6,5,2,2
2,2,2,3,2,3,2,۲,2,2,۲,2,2,2,2,2,3,4,3,3,2,5,3,3,3,3,3.,2,3,3,2,2,2,2,2,3,8,7,5,3,2,3,3,2,3,1,2,3,3,۲,3,3,4,4. اصلاً.,4,3,3,۲,3. خیلی زیاد نیست.,3,4,3,3,3,3,3,2,2,3,2,3,۳,3,3,3,3,3,5,2,1. واشنگتن دی سی,2. حقوق بشر,0,0,0,0,0,0,2,0,0,2,2,5,5.,8,5,5,1,7.,3,3,3,2,3,3,3,7,4,2,2,1,1,1,1,1,1,2. بگذارید مردم تا زمانی که مشاغل موجود باشد بیایند.,3,3,3,2,2,3,2,2,۱,2,2,4,2,2,2,2,3,2,1,1,1,4,4,4. محافظت از آزادی بیان,2,4,2,7,8,5,7,5,7,5,1,1,2,1,3,4,5,4,2,2,2,5,5,3,5,5,5,5,5,5,5,5,5,5,4,3,5,5,5,5,5,3,4,3.,2,۲,1,4,4,4,4,4,4,4,2,2,2,2,2,2,2,2,2,2,2,2,2,2,3,2,3,3,2,3,3,3,2,3,3,۲,4,3,3,2,3,5,5,۶,9,5,4,9,4,8,10,7,7,5,2,2
1,2,2,2,2,3,2,2,2,2,2,2,2,2,2,2,3,3,3,3,2,5,3,3,3,3,3,3,3,3,2,2.,2,2,2,3,5,7,7,2,2,2,3,3,1,1,3,2,2,3,3,2,4,4,3,3,3,3,4,4,3,3,3,2,4,3,3,3,4,3,3,3,3,3,3,2,3,7,2,1. واشنگتن دی سی.,2,0,0,0,0,0,0,0,0,0,0,2,5,5,5,5,6,1,7,3,3,3,3,3,3.,3,7,3,1,2,1,2,1,2,1,1,2. بگذارید مردم تا زمانی که مشاغل موجود باشد بیایند.,3,3,4,3,2,3,3,2,2,2,2,4,2,۲,2,2,3,۳,1,1,1,2,3.,4,2,2,3,8,9,6,7,5,7,5,1,1,1,2,3 (مخالف),4,3,3,2.,2,2,5,5,5.,5,5,5,5,۶,5,5,5,5,5,3.5,2,3,5,5,5,5,3,4,4,2,2,2,3. ماهانه,4,4,4,4 (کمتر از ماهانه یا هرگز),4,2,2,2,2,2,2,2,2,2,2,2,2,2,2,2,2,2,4,2,3,2,3,4,3,3,3,3,4,2,3,3,4,5,5,7,9,5,4,9.,5,8,10,7,5,5,2,3
2,2,2,2,3,3,2,2,2,2,2,2,2,2,1,2,3,3,3,3,2,5,3,3,3,3,3,3,3,3,2,2,2,1,2,3,6,7,5,2,2,3,2,3,3,2,3,2,3,2,3,3,4,3. خیلی زیاد نیست.,3,3,3,3,3,3,3,3,3. خیلی زیاد نیست.,3. خیلی زیاد نیست.,3,3,3,3,3,3,3,4,3,3,3. خیلی زیاد نیست.,3,3,6,2,1. واشنگتن دی سی,1.,0,0,0,0,0,0,2,0,0,2,2,5,5,5,5,5,1,4,3,3,3,3,3,3,3,5,3,2,2,1,2,1,1,1,1,2,3,2,3,3,2,3,3,2,۲,2,2,4,3,1,2,3,2.,3,1,1,1,3,2,4,4,2. پیشرفت به سمت جامعه ای کمتر غیر شخصی و انسانی تر,2,8,8,5,6,5,5,5,1,1,2,1,3,4,5,4,2,2,2,5,5,5,5,5,3,5,5,5,5,5,5,5,4,2,3,5.,5,3.,5,3,4,3,3,2,2,3,4 (کمتر از ماهانه یا هرگز),4,4,4,4,4,3,2,2 (ممکن است این کار را انجام دهم),2,2,2,2,2,2,2,2,2,2,2,2,3,4,2,2,3,2,2,3,2,3,2,4,3,3,2,4,5.,5,5,9,4,4,8,6,9,10,7,7,5,3,2
1,1,2,3,2,3,2,2,2,2,2,2,2,2,1,2,2,3,3,3,3,5,3,5,3,3,3,3,3,3,2.,3,2,2,3,3,5,8,8,2,2,3,3,3,3,1,2,3,3,3,2,3,4,4,3,2,3,3,3,3,3,3,3,3,4,4,3,3,4. اصلاً هیچ یک نیست.,3,3,3,2,3,3,2,4,5,2,1,2,0,0,2,0,0,0,2,2,2,0,2,5,5,5,5,5,1,5,4,2,3,2,3,3,4,۶,4,1,2,1,2,0,1.5,1,1,2,3,2,3,3,3,2,3,2,1,1,2,4,2,2,2,1,۳,3,1,1,1,2,2,4. محافظت از آزادی بیان,2,2,2,8,۸,5,7,5,8,5,1,1,2,1,3,4,4,2,3,2,2,5,5.,5,5,5,5,5,5,5,5,5,5,5,۱,3,3,5,5,5,5,3,4,4,2,2,1,4,4,4,4,4,4,2,2,3,2,2,2,2,2,2,2,2,2,2,2,2,3,3,3,2,3,3,2,4,3,2,3,3,4,2,3,2,4,5.,5,۶,8,5,5,9,5,9,10,۸,7,5,2,3
1,1,2,2,3,3,2,2,2,2,1,2,2,2,2,2,3,3,3,3,3,5,3,3,3,3,3,3,2,3,2,2.,2,2,3,3,5,7,5,2,2,2,2,4,3,1,3,2,۲,3,2,2,2,4,2,3,3,2,3,4. اصلاً,3,4,3,3,3,4,3,3,3,2,3,3,3,3,3,3,3,5,2,1,2. حقوق بشر,2,0,2,0,0,0,0,0,0,0,2,5,5,5,5,5,1,6,3,3,3,2,3,3,3,8,4,1,2,1,2,1,1,1,1,2. بگذارید مردم تا زمانی که مشاغل موجود باشد بیایند.,3,2,3,2,3,3,2,3,2,۲,2,4,3,2,2,2,2,2,1,1,1,4,2,4,4,3,2. پیشرفت به سمت جامعه ای کمتر غیر شخصی و انسانی تر,8,8,5,7,5,5,6,1,1,2,1,3,4,3,5,2,2,2,5,5,5,4,5,5,5.,5,5,5,5,5,5,4,3,5,5,5,5,5,2,4,4,2,2,2,3,3,4,4 - کمتر از ماهانه یا هرگز (من از ایمیل به عنوان منبع اطلاعاتی روزانه استفاده نمی کنم),4 - کمتر از ماهانه یا هرگز,4,4,2,2,2,2,2,2,2,2,2,2,2,2,2,4,3,3,4,2,3,3,3,2,3,2,3,3,4,2,3,2,4,5,5,4,7,5,5,9,5,9,9,7,7,5,2,2
2,3,2,3,2,3,2,2,2,2,2,1,2,2,2,2,3,3,3,3,2,5,3,5,3.,3,3,3.,3,3,2,2,1,2,2,3,5,8,7,2,2,2,2,3,3,1,2,2.,2,3,3,3,2,2,2,3,3,3,3,3,3,3,3,2,2,3,3,3,2,2,3,3,3,2,3,2,3,4,2,1. واشنگتن دی سی.,2. حقوق بشر.,0,0,0,2,0,0,0,0,1,0,2,5,5,5,5,5,1,7,3,3. بیشتر آنها.,3,2,3,2,3,8,4,2,2,1,2,1,2,1,1,2. بگذارید مردم تا زمانی که مشاغل موجود باشد بیایند.,3,3,3,3,3,3,2,4,2,2,2,۴. اصلاً نیست.,2,2,2,2,3.,3,1,1,1,4. تلاش برای زیباتر شدن شهرها و حومه شهر,2.,4,4,2,2,۹.,8,5,7,5,۷,5,1,1,2,۲,3,4,5,5,2,2,2,5,5,5,5,5.,5,5,5,5,5,5,5,5,۱,3,5,5,5,5,4.,3,4,3,2,2,1,3,4,4,4,4,4 (کمتر از ماهانه یا هرگز),4,2,2,2,2,2,2,2,2,2,2,2,2,2,4,3,3,3,2,3,2,4,3,3,2,3,3,4,3,3,2,4,5,5,۵,9,5,5,9,6,8,10,7,7,۴.,3,2
1,2,2,3,3,3,2,2,2,2,2,2,2,2,2,2,2,3,3,3,2,5,3,3,3,3,3,3,3,3,2. جامعه ما باید به تدریج با اصلاحات بهبود یابد.,2,3,2,2,3,5,7,7,2,2,2,4,3,3,2,2,2,3,2,2,3,4,3,2,3,3,3,3,2,3,3,3,3,3,3,3,3,3,2,3,3,3,3,3. خیلی زیاد نیست.,3,3,5,2,1. واشنگتن دی سی,1,0,0,0,0,0,0,2,2,0,۰,2,5,5,5,5,5,1,5,3,3,3,2,3,3,3,6,4,2,2,1,2,1,2,1,1,2,3,3,3,3,3,3,3,3,2,1,2,4,3,۲,2,2,۳,2,1,1,1,2,3,4,2,2,2. پیشرفت به سمت جامعه ای کمتر غیر شخصی و انسانی تر,۸,8,5,5,5,۸,5,1,1,2,۲,3,4,6,3,2,2,2,6,5,5,5,5,4,5,7,5,5,5,5,5,2,۲,5,5,5,4,6,2,4,3,2,2,4 (کمتر از ماهانه یا هرگز),4,4,4,4,4 (کمتر از ماهانه یا هرگز),4,3,2,2,2,2,2,2,2,2,2,2,2,2,2,2,3,3,2,2,2,3,2,2,3,2,3,4,4,3,3,2,4,5,5,4,10,۴,5,9,5,8,10,7,7,5,2,2
2,2,2,2,2,3,2,2,2,2,2,2,2,2,2,2,2,3,3,۴. کاملاً مخالف.,2,5,3,3,3,3,3,3,3,3,2,2,2,2,3,3,6,8,5,2,2,3,3,2,3,2,2,3,2,3,3,3,3,4,4.,۳. خیلی زیاد نیست.,3,3,2,3,3,3,3,4,3,3. خیلی زیاد نیست.,2,۲. کاملاً زیاد.,3,3,4,2,2,3,3,3,2,5,2,1. واشنگتن دی سی,2. حقوق بشر.,0,0,0,0,0,0,0,0,2,2,2,5,5,5,8,7,2,5,4,2,3,2,2,3,3,7,3,2,2,1,2,1,1,1,1,2. بگذارید مردم تا زمانی که مشاغل موجود باشد بیایند,3,3,3,3,3,2,3,3,1,1,2,3,2,2,2,2,3,۲,1,1,1,2,4,4,4. محافظت از آزادی بیان,2,2,8,8,5,5,6,8,5,1,1,2,1,3,4,6,4,2,2,2,5,5,5,5,5,5,۹,4,5,5,5,5,5,5,3,3,5,۸,5,5,3,4,3,3,2,3,4,4,4 - کمتر از ماهانه یا هرگز.,4,4,4,2,2,2,2,2,2,2,2,2,2,2,2,2,2,2,2,2,4,2,3,3,2,2,3,2,3,3,4,2,3,2,4,5,5,۵,9,4,5,9,۶,8,10,8,7,6,2,3
1,2,2,3,2,2,2,2,2,2,2,۲,2,2,2,2,3,3,3,3,2,5,3,5,3,3,3,3,3,3,2,2,2,2,2,3,5,7,5,2,2,2,3,4,3,1,2,3,2,2,3,3,3,4,3,2,3,3,3,3,4,3,3,3,2,3,3,2,3,3,3,3,3,3,3,3,2,5,2,1. واشنگتن دی سی.,2. حقوق بشر.,0,0,0,0,0,0,0,2,2,0,2,6,5,5,8,5,1,7,4,3,3,3,2,3,3,7,4,2,2,1,2,1,1,1,1,2,3,2,3,3,2,3,2.,3,1,۲,2,4,3,2,2,3,3,3,1,1,1,3. با دیدن اینکه مردم در مورد چگونگی انجام کارها در مشاغل و جوامع خود حرف بیشتری می زنند.,2,4,2,2. پیشرفت به سمت جامعه ای کمتر غیر شخصی و انسانی تر,2,7,8,5,7,5,5,5,1,1,2,1,3,4,4,2,2,2,2,۷,5,5,5,5,5,5,5,5,5,5,5,5,5,5,5,5,5,5,5,3,3,4,3,2,1,4,4,4,4,4 - کمتر از ماهانه یا هرگز,4,4. کمتر از ماهانه یا هرگز.,2,2,2,2,2,2,2,2,1,2,2,2,2,2,2,3,4,2,3,2,4,2,3,2,3,3,4,2,3,2,4,5,5,۴,9,5,5,9,5,8,10,7,7,5,2,3
2,3,2,2,2,3,2,2,2,2,2,2,2,2,2,2,2,3,3,3,2,5,3,3,3.,3,3,3,3,3,2,2,2,2,2,3,5,7,5,3,3,3,3,2,3,1,2,2,3,3,3,3,3,4,3,3,3,3. خیلی زیاد نیست.,3. خیلی زیاد نیست.,3,3,4,3. خیلی زیاد نیست.,3. خیلی زیاد نیست.,3,3,3,3,3,2,3,2,3,3,3,3,3,3,2,1,2. حقوق بشر.,0,0,2,0,0,0,2,0,0,0,2,5,4,5,6,5,2,6,4,3,3,3,3,3,3,8,4,2,2,1.,2,1,1,1,1,2,3,3,3,3,3,3,2,3,2,1,2,4,3,1,2,2,2,۳.,1,1,1,4,2,4,2,2,2,7,8,5.,7,5,7,5,1,1,2,1,3.,4,5,4,1. یک فرد مذهبی.,2,2,5,5,5,5,5,5,5,5,5,5,5,5,5,3,3,5,4,5,6,5,3,4,3,3,2,2,4,5,4 - کمتر از ماهانه یا هرگز (چون به عنوان یک AI این نیاز به من نیست),4,4 (کمتر از ماهانه یا هرگز),4,4 (کمتر از ماهانه یا هرگز),2,2,2,2,2,2,2,2,2,2,2,2,2,2,2,4,3,2,3,3,2,2,3,2,3,3,4,2,4,2,4,5,5,۶,9,4,5,8,3,8,10,9,5,5,3.,2
1,2,3,2,3,3,2,۲,2,2,2,2,2,2,2,2,2,3,3,3,2,5,3.,3,3,3,3,3,3,3,2,2,2,2,2.,3,6,6,5,3,2,2,2,3,3,2,2,2,3,2,2,3,3,4,2,2,3,4,۳. خیلی زیاد نیست.,4,3,2,3,3,4,3,3,۳ (خیلی زیاد نیست),4,3,3,3,3,3,2,3,3,5,2,1. واشنگتن دی سی,2. حقوق بشر.,0,0,0,0,0,0,0,0,0,0,2,5,5,5,5,7,1,7,۳,3,3,2,3,3,3,7,4,2,2,1,2,1,1,1,1,2. بگذارید مردم تا زمانی که مشاغل موجود باشد بیایند.,3.,2,3,3,3,3,2,3,2,1,2,4,3,2,2,2,3,3,1,1,1,1,4,4,4,2. پیشرفت به سمت جامعه ای کمتر غیر شخصی و انسانی تر,2,8,7,5,5,5,7,5,1,1.,2,۲,3,3,5,4,3. یک ملحد.,2,2,5,6,5,5,5,5,5,5,5,5,5,5.,5,5,3,5,5,5,5,5,2,4,4,3,3,1,4,4 (کمتر از ماهانه یا هرگز),4,2 (هفتگی),4,4,4. کمتر از ماهانه یا هرگز (به دلیل اینکه در حال حاضر تماسات خیلی زیادی ندارم و فقط در صورت لزوم با دوستان یا همکاران صحبت می‌کنم),2,2,2,2 - ممکن است این کار را انجام دهد.,2,2,2,2,1,2,2,2,2,2,3,3,4,2,3,3,3,2,3,2,3,3,4,2,3,2,4,5,7,۵,8,4,5,10,5,8,10,7,6,5,2,2
2,1,2,2,2,2,2,2,2,1,2,2,2,2,2,2,1,3,3,3,3,5,3,3,3,3,3,3.,3,3,2,3,2,3,3,3,7,7,5,4,3,3,3,3,3,1,3,2,2,2,2,3,4,4,3,3,3,3,2,4,3,3,3,2,۳,3,3,3,4,3,3,3. خیلی زیاد نیست.,3,3,3,4,3,5,2. چین.,3. ژنو,2. حقوق بشر,0,0,0,0,0,0,0,0,0,0,2,6,5,5,5,6,1,5,3,3,3,2,3,3,3,5,3,2,2,1,1,1,1,1,1,2. بگذارید مردم تا زمانی که مشاغل موجود باشد بیایند.,3,3,2,3,3,3,3,3,۲,1,1,4,2,2,2,3,3,3,1,1,1,4,3,4. محافظت از آزادی بیان.,2,2,2,8,7,6.,7,5,5,5,1,۲,2,1,3,4,5,3,2. شخص مذهبی نیست.,2,2,5,5,5,5,5,5,5,5,5,5,5,2,5,4,2,5,5,5,5,5,3,4,4,2,۳,1,4 (کمتر از ماهانه یا هرگز),4 (کمتر از ماهانه یا هرگز),4 (کمتر از ماهانه یا هرگز),4. کمتر از ماهانه یا هرگز.,3,4,4 (کمتر از ماهانه یا هرگز),2,2,2,2,2,2,2,2,2,2,2,2,2,2,2,2,2,2,3,4,2,2,3,2,3,4,4,2,3,2,4,5,6,۸,9,5,5,9,5,9,10,7,6,5,3,3
2,2,2,3,3,3,2,2,2,2,2,2,2,2,1,2,3,3,3,3,2,5,3,3,3,3,3,3,3,3,2,2,2,3,2,3,5,7,7,2,3,2,2,3,3,2,2,2,3,2,2.,3.,3,4,3,4,3,3,3,3,3,3,3,3,3,3,3. خیلی زیاد نیست.,3,۲ (کاملاً زیاد),۲,3,3,3,4,3,2,3,5,2. چین,1. واشنگتن دی سی,2. حقوق بشر,0,0,0,0,0,0,0,0,0,0,2,4,5,5,5,5,1,5,3,2,2,2,3,3,3,5,4,2,1,1,2,1,1,1,1,2,3.,3,3,3,3,3,3,3,2,1,2,3,2,2,2,3,3,3,1,1.,1,4,3,4,4,4,2,8,8,5,5,5,8,6,1,1,2,2,3,4.,4,3,2,2,2,۷,5,5,5,5,5,5,5,5,6,5,5,5,5,4,5,5,5,5,5,2,4,3,2,2,2,3. ماهانه.,4,4,4,4,4,2,2,2,2,2,2,2,2,2,2,2,2,2 - ممکن است این کار انجام شود.,2,2,3,3,4,2,3,2,3,3,4,2,3,3,4,2,3,2,4,5,4,5,۹,4.,5,8,5,8,9,7,7,5,3,3
2,2,3,2,3.,3,2,2,2,2,۲,2,2,2,2,2,2,3,3,3,2,5,3,4,3,3,3,3,3,3,2,2,2,2,2,3,۸,7,6,3,2,3,3,4,3,2,3,2,2,2,2,2,4,4,3,4,3,4,3,3,3,3,2 - کاملاً زیاد,3,۳,3,3,3,3,3,3,2,4,3,3,3,3. خیلی زیاد نیست.,5,2,1,1,0,0,0,0,0,0,2,0,0,0,2,5,5,5,5,5,2,7,3,2,3,2,3,3,3,8,4,2,2,1,2,1,1,1,1,2,2,3,3,3,3,3,3,3,2,۲,2,4,2,2,2,2,3,2,1,1,1,3,3,4,2,2,2,7,9.,5,7,5,5,5,1,1,2,2,3,4,3,3,2,2,2,5,5,7,5,5,5,5,5,5,5,5,5,5,1,5,5,5,5,5,5,2,3,3,3,2,1,3,4,4,4 - کمتر از ماهانه یا هرگز.,4,4,4,2,2,2,2,۲. ممکن است این کار را انجام دهم.,2,2,2,2,2,2,2,2,2,3,2,4,4,3,3,3,3,3,3,3,3,4,2,3,2,3,5,5,5,9,5,۴,9,4,8,10,8,5,5,2,3
1,2,2,3,2,2,2,2,2,2,2,2,2,2,2,2,2,3.,3,3,2,5,3,3,3,3,3,3,3,3,2,2,2,3,2,3,5.,8,5,2,2,2 (گاهی اوقات),2,3,3,2,2,2,2,2,3,2,4,4,۲,3,3,3,3,3,4,3,4,3,3. خیلی زیاد نیست.,3,3,3,3,3,3,3,3,3,3,3,4,4,2,1. واشنگتن دی سی,1,0,0,0,0,0,0,0,0,0,0,2,5,4,5,5,5,1,7,3,3,3,2,4,3,3,7,3,2,2,1,2,1,1,1,1.5,2. بگذارید مردم تا زمانی که مشاغل موجود باشد بیایند.,3,3,3,3,3,2,3,3,1,1,۲,4,3,۲,1,2,۳,2,1,1,1,2.,2,4,2,2,2,7,7,5,7,5,7.,5,1,1,2,2,3,4,5,4,2. شخص مذهبی نیست.,2,2,5,5,۶,5,5,5,5,5,5,5,5,5,5,5,3,5,5,5,5,5,3,4,4,2,2,1,3,4,4,4,4,4,4,2,2,2,2,2,2,2,2,1,2,2,2,2,4,2,2,4,2,2,3,3,2,3,3,3,2,4,2,2,2,4,5,۷,5,7,5,۵,9,5,8,10,7,۷,4,2,3
1,2,2,4,2,3,2,2,2,2,1,2,2,2,2,2,3,3,3,3,2,5,3,3,3,3,3,3,3,3,2,2,2,2,2,3,5,6,5,3,3,2,2,4,3,1,2,3,2,2,2,2,3,4,3,3,3,4,۴,2,3,۳,3,3,3,3. خیلی زیاد نیست.,3,3,3,4,۱,3,3,3,3,3,2,4,2,1. واشنگتن دی سی,1,0,0,0,0,0,0,0,0,0,0,2,5,5,5,5,5,1,۷,4,3,3,2,3,3,3,5,4,2,2,1,1,1,1,1,1,2,3,2,4,4,2,3,2,2,1,1,2,4,2,2,2,2,3,۳,1,1,1,3. با دیدن اینکه مردم در مورد چگونگی انجام کارها در مشاغل و جوامع خود حرف بیشتری می زنند.,4,4. محافظت از آزادی بیان.,2,2,2,8,8.,5,6,5,6,5,1,1,2,1,3,4,6,2,2,2,2,5,5,5,5,5,5,5,5,5,5,5,3,5,5,5,5,5,5,۳,3,3,4,3,3,3,1,4 (کمتر از ماهانه یا هرگز),4,4,4,4,4,4,2,2,2,2,2,2,2,2,2,2,2,2. ممکن است این کار انجام شود.,2,2.,4,2,4,3,3,3,3,2,3,2,3,3,4,2,4,2,5,5,۶,6,9,5,5,9,5,7,10,9,7,5,2,3
2,1,2.,3,2,3,2,2,2,2,2,2,2,2,2,2,3,3,3,3,2,5,2,3,3,3,3,3,3,3,2,2,2,2,3,3,7,7,5,2,2.,2,2,3,3,2,2,2,2,3,2,2,3,4,3,3,3,2,۳,3,3,3,3,3,3,3,3,3,3,3,3,2,3,2,3,3,3,4,2,1. واشنگتن دی سی.,1,0,0,0,0,0,0,0,0,2,2,2,5,5,5,5,7,1,5,3,3,2,2,3,3,3,7,3,2,2,1,2,1,1,1,1,2,3,3,2,2,3,3,3,3,2,2,2,4,3,2,۲.,2,2,3,1,1,1,3. با دیدن اینکه مردم در مورد چگونگی انجام کارها در مشاغل و جوامع خود حرف بیشتری می زنند.,2.,4. محافظت از آزادی بیان,4,2,2,7,8,5,7,5,5,5,1,1,2,۲,3,4,4,7,2,2,2,7,6,5,5,5.,5,5,5,5,5,5,4,5,5,2,5,5,5,5,5,2,4,4,2,2,1,2 - هفتگی,4,4,4 (کمتر از ماهانه یا هرگز),4,4,4. کمتر از ماهانه یا هرگز.,2,2,2,2,2.,2,۲,2,2,2,2,2,2,2,3,2,4,2,2,4,3,2,3,3,3,3,4,2,4,2,4,5,5,۶,9,۶,4,9,6,8,10,7,7,5,3,3
1,1,2,3,2,3,2,2,2,2,2,2,2,2,2,2,3,3,3,3,3,5,3,4,3,3,3,3,3,3,2,3,2,2,3,2,5,7,6,2,2,2,2,3,3,1,3,2,۲,2,2,3,3,4,4,3,3,3,3,3,3,4,3,3,3,3,3,3,4,2,3,3,3,3,3,3,4,5,2,1. واشنگتن دی سی,1,0,0,0,0,0,0,0,0,0,2,2,5,5,5,5,5,1,7,3,3,3,2,2,2,3,8,3,2,2,1,2,1,1,1,1,2. بگذارید مردم تا زمانی که مشاغل موجود باشد بیایند.,3,3,3,3,2.,3,2,3,۲,2,1,4,3,2,2,2,2,2,1,1,1,2,4,4,2,2. پیشرفت به سمت جامعه ای کمتر غیر شخصی و انسانی تر,2,7,7.,5,7,5,7,5,1,1,2,2,3,4,3,2,3,2,2,5,5,5,5,3,5,5,5,5,۶,5,4,۵,3,2,3,5,5,5,5,3,4,4,3,2,1,4,4,4,4 (کمتر از ماهانه یا هرگز),4,4,4,2,2,2,2,2,2,2,2,2,2,2,2,2,2,2,2,4,3,2,3,3,2,2,2,3,3,4,2,4,2,4,5,۶,6,8,۵,7,8,6,7,10,۹,5,5,2,3
2,2,2,4,2,2,2,2,2,2,2,2,2,2,1,2,3,3,3,3. مخالف.,2,5,3,3,3,3,3,3,3,3,2,2,3,2,2,3,5,7,6,3,2,2,2,4,3,1,2,2,2,2,2,2,4.,4,3,۲,3,2,2,3,4,2,3,3,2,3,3,3,2,3,3 - خیلی زیاد نیست.,3,3,3,3,3. خیلی زیاد نیست.,3,5,2,3,2. حقوق بشر.,0,0,0,0,0,0,0,2,0,0,2,4,5,5,5,5.,1,6,3,3,2,2,3,3,3,5,3,2,2,0,1,1,1,1,1,2,3,3,3,3,3,2,2,3,2,2,2,3,2,2,2,3,3,2,1,1,1,2,2,4,4,2,2,7,9,5,7,5,5,3,1,1,2,1,3,4,5,8,2. شخص مذهبی نیست.,2,2,5,5,5,5,5,5,5,5,5,5,5,5,7,3,4,5,4,5,5,5.,3,4,4,3,2,2,4,2,4,4,4,4,2,2,2,2,2,2,2,2,2,2,2,2,2,2,2.,3,2,2,2,3,3,4,2,2,3,3,3,4,2,3,2,4,5,۵,۶,9,5,4,9,4,8,10,7,5,5,2,2
2,2,2,3,2,3,2,2,2 (ذکر نمی شود),2,2,2,2,2,2,2,3,3,3,3,2,5,3,3,3,3,3,3,2,3,2. جامعه ما باید به تدریج با اصلاحات بهبود یابد.,2,2,3,3,2,7,6,5,3,2,3,2,3,3,2,2,3.,2,2,2,3,3,4,3,3,3,4,۲,3,3,3,3,3,2,3,3,3,3,3,3,۲,3,3,3,3,3,6,2,1. واشنگتن دی سی,1,0,0,0,0,0,0,2,0,0,2,0,5,5,5,5,5,1,5,3,3,3,3,3,3,3,6,3,2,2,0,2,1,1,1,1,2. بگذارید مردم تا زمانی که مشاغل موجود باشد بیایند,3,3,3,3,2,2,3,2,2,1,2,۴,3,۲,2,۲,2,3,1,1,1,4,4,4,2,2,2,۷,8,5,5.,5,6,3,1,1,2,1.,3. مخالف.,4,4,4,3. یک ملحد,2,2,6.,5,5,5,5,3,5,5,5,4,5,5,5,2,3,5,5,5,5,5,3,4,4,3,2,1,4,4,4,4,4,4,4,2,2,2,2,2,2,2,2,2,2,2,2,3,2,3,2,3,2,2,2,3,4,3,2,3,3,4,2,4,2,4,5,5,5,9,3,5.,9,5,9,10.,7,6,5,3,3
1,2,2,2,2,3,2,2,2,2,2,2,۲,2,2,2,3,3,3,3. مخالف,2,5,3,3,2,3,3,3,3,3,2.,2,2,2,2,3,5,5.,5,2,2,2,2,1,3,2,2,3,2,3,3,2,3,4,2,3,3,3. خیلی زیاد نیست.,3,3,3,3,3,3,3,2,3,3,3,3,3. خیلی زیاد نیست.,4,3,4,3,3,3,7,2. چین,۱. واشنگتن دی سی,2,0,0,0,0,0,0,0,2,0,0,2,5,5,5,5,5,1,5,4,3,3,2. تعداد کمی از آنها.,3,3,3,8,4,1,2,1,2,1,1,1,1,2. بگذارید مردم تا زمانی که مشاغل موجود باشد بیایند.,3,3,3,3,2,2,2,3,2,1,2,3,2,2,2,2,3,۲,1,1,1,2.,2.,4,4,2,2. پیشرفت به سمت جامعه ای کمتر غیر شخصی و انسانی تر.,8,8,5,8,5,5,5.,1,1,2,1,3,4,5,4,2,2,2,5,5,5,5,5,5,5,5,5,5,5,5,5,5,3,5,5,5,5,5,3,4,3,2,2,2,4,3,4 - کمتر از ماهانه یا هرگز (به دلیل اینکه برای اطلاعات روزانه و هفتگی اغلب از سایر منابع مانند خبرها، رسانه ها و جدول زمانی استفاده می کنم),4,4,4,4. کمتر از ماهانه یا هرگز استفاده نمی کنم.,2,2,2,2.,2,2,2,2,2,2,2,2,2,2,3,3,2,3,3,3,3,2,2,2,3,3,4 (بسیار بد),2,3,2,4.,5,5,۵.,7,3,۳,9.,6,۹,9,7,5,5,3,2
1,3,2,3,2,3,2,2,2,2,2,1,2,2,2,2,3,3,3,3,2,5,3,3,3,3,3,3,3,3,2,2,2,2,3,3,6,6,7,2,2,2,2,3,3,2,3,3,3,2,2,3,3,4,3,4,3,3,3,4,3,3,3,3,2,3,3. خیلی زیاد نیست.,3,3,4,3,3,3,3,3,4,3,5,2,۱,2,2,0,0,0,0,0,0,0,2,0,2,5,5,5.,5,5,1,7,3,3,3,3,3,3,3,7,4,1,2,1,2,1,1,1,1,2.,3,2,3,2,2,2,3,1,1,1,2,4,3,2,2,2,3,2,1,1,1,4,2,4,2,2,2,8,9,5,7,6,6.,5,1,1,2,1,3,4,4,4,2,2,1,7,5,5,5,5,5,5,5,5,5,5,5,5,۱,3,5,3,5,5,5,3,4,4,3,2,1,3 (ماهانه),4,4,4,4,4,4,2,2,2,2,2,2,2,2,2,2,2,2,2,1,2,2,4,2,3,3,3,3,2,3,3,3,4,2,2,2,4,5,5,۶,۹,5,2,9,5,8,10,9,7,5,3,2
1,2,2,2,2,3,2,2,2,2,2,2,2,2,۱,3,3,3,3,3,2,5,3,3,3,3,3,3,3,3.,2,2,2,2,3,3,5,7,5,1,2,2,2,2,3,2,3,3,2,2,2,3,3,4,3,3,3,3,3,3,3,3,3,3,3,3,3,3,3,3,3. خیلی زیاد نیست.,4. اصلاً,3,3,3,3,3,6,2,1. واشنگتن دی سی,2,0,0,0,0,0,0,0,0,0,0,2,5,5,5,5,7,1.,6,3,3,3,2. تعداد کمی از آنها.,3,3,3,7,4.,2,2,1,2,1,1,1,0,2,3,3,3,3,3.,2,2,3,2,۲,2,4,3,2,2,2,3,2,1,1,1,2,3,4,2,2. پیشرفت به سمت جامعه ای کمتر غیر شخصی و انسانی تر,2. پیشرفت به سمت جامعه ای کمتر غیر شخصی و انسانی تر.,8,7,5,6,5,6,5,1,1,2,1,3,4,5,5,1. یک فرد مذهبی,2,2,5,5,5,5,3,5,۸,5,5,5,5,5,5,5,3,5,5,5,5,5,3,4,4,2,۳,1,4,4,4,4,4,4 (کمتر از ماهانه یا هرگز),3 - ماهانه,2,2,2,2,2,2,2,2,2,2,2,2,2,2,2,2,4,3,2,4,3,3,3,4,3,3,4,2,3,3,4,5.,۶,5,9,7,5,7,5,9,7,7,6,5,3,2
2,2,2,2,3,2,2,2,2,2,2,2,2,1,1,2,2,3,3. مخالف.,۴,3,5,3,4,3,3,3,2,3,3,2. جامعه ما باید به تدریج با اصلاحات بهبود یابد.,3,3,1,2,2,5,7,7,2,3,2,2,3,3,1,3,3,3,2,2,3,4,3,3,4,3,2,3,3,4,4,3,3,4,3,3,3,3,4,3,3,3,3. خیلی زیاد نیست.,3,3,۳,5,2. چین,1. واشنگتن دی سی,1,0,0,2,0,0,0,0,0,0,0,2,5,6,5,5,5,1,5,4,3,3,2,3,3,3,7,4,2,2,1,1,1,1,1,1,2,3,3,3,4,3,3,3,3,2,2,2,3,2,۲,2,3,2,3,1,1,1,2,3,4,4,3,2,8,9,6,7,5,8.,5,1,۲,2,1,3,3,6,2,1.,2,2,5,5,5,5,۳,5,5,5,5,5,5,5,6,5,3,4,5,5,5,4,2,4,4,2,2,4,3,4,4 (کمتر از ماهانه یا هرگز),4 (کمتر از ماهانه یا هرگز),4,4,4,2,2,2,2,2,2,2,2,2,2,2,2,2,2,2,2,4,2,2,2,4,2,4,2,3,3,4,2,4,2,4,5,5,5,8,3,5,9,5,8,10,8,7,5,3,3
